ID,Education,Experience,Income
1,1,1,49
2,1,19,34
3,1,15,11
4,2,9,100
5,2,8,45
6,2,13,29
7,2,27,72
8,3,24,22
9,2,10,81
10,3,9,180
11,3,39,105
12,2,5,45
13,3,23,114
14,2,32,40
15,1,41,112
16,3,30,22
17,3,14,130
18,1,18,81
19,3,21,193
20,2,28,21
21,2,31,25
22,3,27,63
23,1,5,62
24,1,18,43
25,1,11,152
26,1,19,29
27,3,16,83
28,1,20,158
29,3,30,48
30,2,13,119
31,3,35,35
32,2,16,29
33,3,28,41
34,3,6,18
35,3,5,50
36,1,24,81
37,1,35,121
38,3,25,71
39,3,18,141
40,3,13,80
41,3,32,84
42,1,9,60
43,2,7,132
44,1,15,45
45,1,20,104
46,1,31,52
47,2,14,43
48,3,12,194
49,3,26,81
50,1,16,49
51,2,8,8
52,1,37,131
53,1,6,72
54,3,26,190
55,3,5,44
56,1,17,139
57,2,30,29
58,3,31,131
59,1,2,93
60,1,5,188
61,2,24,39
62,1,21,125
63,1,18,22
64,2,17,32
65,1,23,105
66,1,35,131
67,1,36,105
68,3,23,45
69,1,21,60
70,1,29,20
71,1,18,115
72,2,29,69
73,1,20,130
74,3,16,85
75,1,3,135
76,2,7,135
77,3,32,12
78,2,20,29
79,3,30,133
80,1,26,19
81,1,36,41
82,2,22,40
83,3,16,82
84,2,9,50
85,3,22,18
86,3,2,109
87,2,16,42
88,1,22,78
89,1,41,51
90,3,-1,113
91,2,30,118
92,3,10,29
93,2,19,34
94,3,34,64
95,1,39,121
96,3,12,48
97,1,15,80
98,1,28,161
99,1,23,94
100,3,41,15
101,1,23,74
102,2,36,30
103,3,23,44
104,2,18,22
105,1,32,38
106,2,0,35
107,1,17,69
108,1,18,43
109,3,7,32
110,1,17,49
111,2,14,9
112,2,38,45
113,1,15,82
114,1,34,92
115,3,14,39
116,2,40,81
117,2,29,35
118,3,33,61
119,1,16,73
120,1,7,112
121,3,29,12
122,3,26,38
123,2,32,73
124,2,13,84
125,1,15,78
126,1,35,80
127,1,5,115
128,2,8,82
129,1,14,74
130,3,16,70
131,1,4,81
132,2,34,149
133,3,1,51
134,2,4,39
135,2,29,98
136,1,33,45
137,2,32,49
138,1,25,128
139,1,34,42
140,3,35,18
141,3,25,31
142,1,11,58
143,3,9,48
144,1,1,54
145,2,23,70
146,1,35,124
147,2,19,84
148,3,25,83
149,1,28,163
150,2,22,42
151,1,22,118
152,3,0,132
153,1,32,24
154,1,36,22
155,3,29,58
156,1,0,60
157,1,0,15
158,1,17,83
159,3,6,79
160,2,35,41
161,3,0,134
162,1,35,80
163,1,12,52
164,1,4,70
165,1,27,92
166,1,1,43
167,2,1,21
168,3,9,23
169,1,26,13
170,3,1,112
171,1,1,138
172,1,28,11
173,1,13,171
174,1,34,42
175,2,17,168
176,2,20,85
177,2,25,44
178,2,3,65
179,1,29,24
180,1,37,11
181,3,27,38
182,2,12,10
183,1,0,135
184,1,3,148
185,2,26,63
186,3,14,115
187,1,23,45
188,3,21,159
189,1,40,169
190,1,29,112
191,1,36,93
192,3,25,29
193,2,23,85
194,1,24,21
195,1,29,144
196,1,10,13
197,1,24,165
198,1,31,9
199,1,3,59
200,3,11,158
201,3,6,29
202,3,9,20
203,2,3,68
204,1,34,65
205,2,31,61
206,2,12,91
207,1,25,31
208,2,10,71
209,1,16,73
210,1,39,172
211,1,26,20
212,1,18,55
213,1,22,69
214,1,33,155
215,2,28,94
216,1,14,92
217,1,3,125
218,1,14,74
219,3,20,72
220,3,30,61
221,1,6,25
222,2,19,83
223,1,2,104
224,3,25,41
225,3,27,58
226,3,13,93
227,2,-1,39
228,1,23,148
229,3,22,53
230,1,24,71
231,2,22,92
232,3,10,61
233,2,19,38
234,1,37,58
235,2,1,80
236,3,8,71
237,3,18,89
238,3,38,83
239,1,32,28
240,2,3,52
241,1,26,70
242,3,22,71
243,3,16,75
244,3,39,170
245,1,17,78
246,2,11,25
247,3,14,60
248,2,29,120
249,1,29,99
250,3,1,55
251,2,6,29
252,2,28,170
253,1,40,53
254,1,21,138
255,3,41,134
256,3,40,42
257,3,0,99
258,1,41,18
259,1,9,24
260,1,30,55
261,1,27,58
262,3,16,111
263,3,23,33
264,2,1,74
265,1,19,38
266,3,23,23
267,1,38,61
268,1,22,81
269,1,39,129
270,3,13,33
271,1,36,63
272,2,14,70
273,1,3,45
274,3,16,65
275,1,5,74
276,3,24,50
277,3,5,22
278,3,2,30
279,1,26,21
280,1,14,155
281,3,8,64
282,3,31,65
283,3,9,71
284,2,36,40
285,3,19,69
286,2,13,69
287,2,25,45
288,2,12,62
289,3,19,172
290,2,15,24
291,1,25,80
292,2,16,8
293,1,5,38
294,3,19,93
295,1,9,55
296,3,34,64
297,1,9,122
298,3,25,70
299,1,19,81
300,3,15,159
301,1,9,70
302,1,39,150
303,1,21,152
304,1,25,195
305,1,23,22
306,1,35,22
307,1,29,79
308,3,18,33
309,1,8,128
310,1,38,91
311,1,32,39
312,1,26,121
313,3,6,21
314,1,9,41
315,3,37,45
316,3,-2,51
317,2,31,165
318,2,16,119
319,3,2,110
320,2,39,20
321,2,34,64
322,2,20,101
323,1,39,101
324,1,34,99
325,1,30,158
326,2,28,89
327,3,27,80
328,1,32,114
329,2,35,49
330,1,4,191
331,2,30,78
332,1,6,28
333,2,33,42
334,1,38,140
335,2,23,45
336,1,32,122
337,2,12,65
338,3,27,68
339,1,3,153
340,2,13,89
341,1,34,91
342,2,6,55
343,1,19,118
344,3,5,22
345,3,24,63
346,2,27,12
347,2,19,50
348,3,0,43
349,1,15,173
350,1,2,60
351,3,14,113
352,2,4,155
353,2,28,91
354,2,29,55
355,1,20,173
356,3,19,71
357,3,30,24
358,2,14,42
359,1,6,141
360,3,6,32
361,1,10,55
362,1,19,153
363,1,32,113
364,2,0,30
365,3,24,29
366,2,32,174
367,3,24,35
368,2,8,98
369,3,37,30
370,1,6,58
371,1,12,25
372,1,34,19
373,2,30,44
374,1,25,20
375,1,5,98
376,1,7,90
377,1,21,61
378,2,5,40
379,3,23,38
380,2,0,28
381,3,33,34
382,3,29,73
383,1,41,133
384,1,18,53
385,3,25,21
386,1,9,40
387,2,5,41
388,2,5,82
389,3,30,100
390,1,20,155
391,1,19,45
392,3,32,9
393,3,29,48
394,3,28,18
395,1,9,80
396,1,35,64
397,1,24,29
398,2,2,48
399,1,30,23
400,1,3,84
401,1,10,179
402,2,2,30
403,1,28,93
404,2,30,39
405,2,36,60
406,1,11,133
407,1,19,125
408,3,40,58
409,1,36,89
410,2,22,82
411,1,23,110
412,3,36,54
413,3,20,89
414,1,7,42
415,2,28,41
416,2,8,38
417,1,15,85
418,2,29,83
419,3,0,33
420,1,33,50
421,3,22,58
422,2,3,115
423,1,20,145
424,1,19,161
425,1,30,38
426,1,3,28
427,1,18,75
428,1,7,35
429,1,38,24
430,2,13,78
431,3,26,113
432,1,13,75
433,1,17,91
434,1,28,31
435,2,6,45
436,1,26,80
437,3,35,50
438,2,9,31
439,2,32,113
440,1,23,29
441,1,39,59
442,2,27,43
443,3,28,122
444,1,24,29
445,3,40,91
446,3,32,65
447,1,23,22
448,3,23,71
449,2,4,60
450,3,37,60
451,1,25,69
452,3,-2,48
453,2,13,21
454,2,28,53
455,3,24,29
456,2,4,60
457,2,39,42
458,3,3,69
459,1,24,20
460,1,10,200
461,1,36,141
462,1,30,81
463,3,4,183
464,2,22,149
465,3,19,83
466,2,42,35
467,3,0,13
468,1,20,39
469,3,10,21
470,3,23,10
471,2,6,84
472,1,24,30
473,1,19,31
474,2,39,182
475,1,34,114
476,2,19,152
477,2,34,53
478,2,39,24
479,1,20,150
480,1,36,132
481,3,29,68
482,1,9,53
483,2,32,173
484,2,5,30
485,1,1,113
486,2,34,15
487,1,30,84
488,2,13,88
489,1,13,43
490,3,28,43
491,1,10,90
492,1,18,34
493,1,36,38
494,1,24,173
495,1,17,160
496,2,0,44
497,3,24,83
498,3,22,94
499,3,8,43
500,2,25,42
501,1,33,34
502,2,26,39
503,2,19,70
504,3,5,39
505,3,10,44
506,2,12,69
507,3,25,44
508,3,40,32
509,3,22,15
510,1,28,118
511,2,26,62
512,2,5,82
513,1,14,54
514,3,6,48
515,3,1,74
516,3,16,113
517,2,27,81
518,2,27,43
519,2,4,34
520,3,9,48
521,2,37,54
522,2,24,75
523,1,11,72
524,1,31,39
525,1,-1,75
526,1,38,79
527,1,2,205
528,1,8,65
529,1,39,122
530,2,15,82
531,1,30,21
532,3,6,50
533,1,37,39
534,1,2,101
535,3,28,41
536,1,25,132
537,2,-1,43
538,3,20,131
539,2,5,11
540,3,32,21
541,3,-1,109
542,1,6,141
543,1,14,81
544,1,38,54
545,1,10,164
546,1,19,28
547,3,2,68
548,3,14,44
549,3,23,61
550,2,36,35
551,2,34,54
552,1,34,14
553,1,3,52
554,1,28,101
555,1,2,149
556,1,8,35
557,3,34,21
558,1,15,118
559,2,5,38
560,1,25,24
561,3,18,59
562,3,33,41
563,2,3,85
564,1,27,12
565,3,7,32
566,1,29,79
567,3,28,175
568,1,8,28
569,1,9,41
570,1,14,70
571,2,25,161
572,2,9,53
573,1,15,128
574,2,28,50
575,2,5,80
576,2,30,93
577,3,-1,48
578,1,28,149
579,2,19,49
580,2,33,88
581,3,22,22
582,1,3,55
583,3,18,72
584,2,-1,38
585,1,16,114
586,3,4,83
587,1,14,101
588,1,24,94
589,1,17,40
590,1,7,128
591,3,3,39
592,1,5,51
593,3,20,79
594,2,7,48
595,1,26,85
596,1,18,41
597,3,22,152
598,1,-2,125
599,3,31,11
600,1,4,103
601,1,30,141
602,1,32,38
603,1,5,135
604,2,38,28
605,1,3,70
606,1,31,41
607,2,8,81
608,3,3,170
609,2,2,55
610,3,11,24
611,2,28,81
612,1,23,32
613,1,40,129
614,1,35,108
615,1,12,180
616,1,37,139
617,3,14,33
618,3,20,74
619,3,37,42
620,3,27,73
621,2,8,115
622,2,17,114
623,1,17,92
624,3,19,34
625,2,6,54
626,3,28,64
627,3,6,42
628,1,19,70
629,2,24,51
630,1,19,71
631,1,7,35
632,2,18,40
633,3,32,165
634,3,31,18
635,1,31,32
636,1,35,35
637,1,16,120
638,3,28,31
639,1,16,35
640,3,36,32
641,3,18,85
642,1,10,139
643,1,24,103
644,1,21,152
645,2,27,33
646,2,9,84
647,1,33,61
648,1,38,64
649,2,25,34
650,3,-1,82
651,3,22,122
652,1,4,58
653,1,9,92
654,2,23,78
655,3,29,129
656,3,25,13
657,3,11,81
658,3,8,23
659,3,26,35
660,2,39,79
661,1,14,165
662,1,38,52
663,2,41,185
664,2,20,49
665,3,30,64
666,3,24,61
667,1,26,112
668,3,39,72
669,1,41,18
670,2,29,41
671,1,-1,61
672,2,41,105
673,1,27,23
674,3,10,22
675,1,23,59
676,2,2,33
677,3,23,11
678,1,21,204
679,3,27,61
680,2,31,103
681,1,36,51
682,3,9,164
683,2,34,12
684,2,16,82
685,1,17,164
686,2,8,48
687,2,-1,38
688,2,22,65
689,1,20,71
690,1,30,18
691,3,34,52
692,2,18,48
693,3,2,30
694,3,15,40
695,1,7,112
696,1,4,115
697,3,27,63
698,3,17,85
699,3,38,59
700,3,20,68
701,1,11,84
702,3,19,62
703,1,9,109
704,1,17,141
705,1,32,129
706,2,36,30
707,1,34,148
708,2,20,25
709,1,10,21
710,1,4,72
711,3,17,59
712,2,37,83
713,2,16,10
714,2,9,84
715,2,23,98
716,1,23,32
717,2,5,31
718,1,34,94
719,3,31,21
720,1,35,110
721,3,32,38
722,3,24,39
723,2,21,132
724,1,24,61
725,1,38,92
726,1,15,119
727,1,33,53
728,2,37,18
729,2,20,114
730,3,28,90
731,1,18,140
732,1,3,90
733,1,1,85
734,1,24,80
735,1,42,53
736,2,7,49
737,3,35,152
738,2,37,138
739,2,10,80
740,2,23,82
741,1,27,195
742,3,37,22
743,1,6,81
744,1,37,40
745,1,20,154
746,2,4,49
747,2,37,85
748,2,32,21
749,1,17,14
750,2,34,60
751,1,5,138
752,3,28,98
753,2,39,22
754,2,23,49
755,1,14,102
756,2,30,45
757,3,31,82
758,2,28,81
759,2,39,35
760,2,28,59
761,2,3,52
762,1,24,84
763,2,6,85
764,1,28,65
765,2,13,89
766,1,21,109
767,1,12,81
768,3,39,38
769,1,19,72
770,2,6,78
771,2,2,172
772,1,18,71
773,3,28,165
774,1,16,120
775,1,29,39
776,2,39,23
777,3,26,135
778,1,31,12
779,2,36,92
780,3,28,192
781,1,7,42
782,3,32,158
783,3,30,194
784,1,20,160
785,1,22,98
786,1,22,164
787,1,21,42
788,3,15,202
789,1,34,10
790,2,3,31
791,1,30,58
792,2,29,65
793,3,16,98
794,1,-2,150
795,3,29,44
796,3,32,15
797,1,6,82
798,3,17,61
799,2,2,38
800,3,3,39
801,1,7,173
802,1,23,8
803,1,12,51
804,3,27,62
805,2,28,34
806,2,29,132
807,3,27,44
808,1,27,162
809,1,39,64
810,3,29,111
811,3,6,41
812,3,33,52
813,2,10,65
814,2,25,130
815,1,8,45
816,2,38,35
817,2,23,65
818,1,15,38
819,2,27,42
820,3,30,45
821,1,25,145
822,3,13,33
823,3,35,60
824,1,9,45
825,1,15,72
826,2,11,34
827,2,21,23
828,3,37,45
829,1,9,28
830,2,30,81
831,2,5,72
832,3,31,49
833,2,10,31
834,3,35,63
835,1,12,150
836,1,33,142
837,1,17,74
838,2,4,24
839,3,20,29
840,1,15,79
841,1,3,94
842,1,33,121
843,1,10,54
844,1,39,73
845,3,23,71
846,2,17,29
847,1,27,93
848,3,14,73
849,2,32,19
850,1,8,58
851,1,20,39
852,2,16,23
853,3,7,29
854,1,2,155
855,2,28,90
856,1,33,113
857,3,38,42
858,1,25,30
859,2,19,19
860,2,37,124
861,2,31,30
862,3,30,28
863,2,23,15
864,3,30,70
865,2,2,10
866,3,34,22
867,1,20,70
868,1,35,61
869,1,15,161
870,1,30,29
871,1,19,35
872,2,28,48
873,1,7,44
874,1,0,88
875,3,4,40
876,2,36,21
877,1,14,58
878,2,11,59
879,3,3,74
880,2,37,84
881,1,31,58
882,1,19,154
883,1,25,185
884,1,26,78
885,2,13,55
886,2,5,30
887,2,29,74
888,1,16,118
889,3,33,182
890,3,-2,82
891,3,29,29
892,1,6,120
893,2,12,53
894,1,32,43
895,1,4,59
896,3,17,84
897,1,24,161
898,2,37,21
899,1,32,63
900,2,3,172
901,1,4,51
902,1,33,24
903,1,33,95
904,1,18,59
905,2,2,51
906,1,22,28
907,1,3,154
908,3,40,15
909,3,36,55
910,1,-1,149
911,3,36,79
912,3,21,68
913,2,10,78
914,2,32,34
915,1,41,195
916,1,28,184
917,1,20,85
918,1,20,200
919,3,16,64
920,2,27,88
921,2,1,42
922,1,5,91
923,1,6,38
924,2,30,28
925,3,30,32
926,3,18,31
927,2,9,22
928,2,40,95
929,1,10,74
930,2,30,22
931,2,4,43
932,3,3,43
933,2,27,112
934,2,23,9
935,3,33,81
936,1,20,131
937,3,32,19
938,2,13,62
939,2,37,19
940,1,32,8
941,3,36,193
942,1,13,129
943,2,29,30
944,2,4,80
945,3,15,22
946,2,32,33
947,3,11,64
948,3,29,60
949,3,4,81
950,2,16,45
951,2,6,112
952,3,34,83
953,1,20,180
954,2,26,28
955,3,12,169
956,1,35,14
957,1,11,43
958,1,32,88
959,3,29,78
960,2,24,68
961,1,22,144
962,1,9,30
963,1,21,120
964,2,14,24
965,3,1,78
966,2,36,135
967,3,32,44
968,2,30,73
969,2,31,90
970,3,15,58
971,1,32,75
972,3,19,174
973,1,16,50
974,3,18,85
975,1,38,54
976,1,38,83
977,1,30,24
978,2,30,45
979,3,26,68
980,3,26,48
981,3,13,114
982,2,12,142
983,2,33,52
984,1,22,142
985,3,25,15
986,1,22,118
987,1,27,101
988,1,36,84
989,2,39,32
990,3,16,64
991,1,10,81
992,3,14,28
993,1,9,93
994,2,15,185
995,2,8,42
996,3,3,45
997,2,6,49
998,1,20,69
999,2,27,94
1000,2,35,18
1001,1,35,8
1002,1,32,55
1003,3,20,85
1004,1,1,62
1005,3,23,65
1006,1,12,138
1007,1,38,103
1008,3,19,99
1009,1,24,152
1010,3,3,25
1011,1,3,98
1012,2,27,39
1013,2,25,40
1014,1,13,58
1015,3,26,192
1016,2,34,62
1017,2,5,69
1018,3,5,40
1019,3,15,61
1020,2,3,30
1021,2,29,29
1022,2,8,41
1023,2,3,118
1024,1,20,109
1025,2,33,122
1026,1,37,50
1027,2,4,43
1028,1,7,108
1029,3,4,110
1030,3,17,20
1031,3,35,112
1032,2,32,25
1033,2,12,42
1034,1,34,29
1035,1,23,84
1036,3,17,81
1037,1,28,55
1038,2,11,40
1039,2,30,145
1040,3,16,175
1041,3,6,78
1042,1,32,51
1043,3,34,50
1044,1,27,21
1045,2,24,79
1046,3,18,84
1047,2,26,34
1048,2,31,73
1049,1,37,90
1050,3,10,23
1051,3,27,145
1052,1,7,54
1053,2,17,49
1054,2,32,51
1055,2,38,8
1056,1,6,62
1057,3,6,25
1058,3,0,63
1059,3,34,24
1060,2,2,11
1061,1,34,23
1062,3,22,33
1063,1,21,83
1064,1,30,39
1065,2,17,138
1066,1,1,113
1067,3,5,125
1068,1,24,195
1069,3,9,105
1070,1,18,75
1071,2,9,40
1072,3,14,61
1073,3,24,75
1074,1,8,122
1075,1,14,75
1076,3,15,59
1077,2,13,24
1078,3,3,175
1079,1,27,39
1080,1,30,145
1081,2,22,24
1082,2,28,20
1083,2,5,85
1084,3,3,65
1085,3,35,191
1086,1,26,11
1087,3,37,40
1088,2,13,54
1089,1,35,95
1090,2,29,94
1091,2,5,79
1092,3,17,48
1093,1,1,70
1094,2,3,40
1095,1,24,44
1096,3,25,43
1097,3,18,29
1098,1,24,188
1099,1,20,114
1100,2,6,52
1101,1,16,13
1102,3,17,95
1103,3,3,84
1104,1,14,49
1105,1,25,181
1106,2,10,182
1107,1,13,70
1108,1,21,79
1109,2,29,61
1110,1,41,121
1111,1,33,34
1112,1,28,183
1113,3,28,51
1114,3,2,70
1115,1,8,39
1116,2,24,84
1117,1,18,122
1118,1,18,145
1119,1,17,98
1120,3,16,79
1121,3,8,38
1122,2,6,49
1123,1,7,38
1124,3,20,91
1125,1,12,29
1126,1,13,172
1127,1,8,104
1128,1,9,58
1129,2,5,171
1130,1,4,73
1131,1,32,191
1132,3,27,90
1133,1,9,55
1134,2,4,28
1135,3,14,42
1136,2,33,9
1137,2,21,65
1138,3,26,134
1139,1,6,83
1140,2,28,38
1141,1,6,13
1142,3,7,143
1143,1,20,75
1144,3,7,120
1145,2,24,91
1146,3,6,99
1147,1,7,71
1148,2,13,111
1149,1,15,108
1150,1,32,158
1151,1,31,81
1152,3,23,12
1153,1,37,21
1154,1,30,55
1155,3,35,42
1156,1,16,81
1157,1,25,13
1158,1,23,132
1159,3,16,99
1160,1,26,23
1161,2,1,40
1162,1,11,181
1163,1,14,112
1164,1,9,138
1165,2,17,94
1166,1,19,113
1167,2,5,112
1168,1,12,190
1169,3,37,38
1170,3,16,32
1171,2,10,104
1172,2,40,43
1173,2,24,45
1174,2,-1,35
1175,2,10,42
1176,2,4,58
1177,1,3,103
1178,2,3,71
1179,2,7,14
1180,3,11,98
1181,2,17,90
1182,1,0,65
1183,1,2,19
1184,2,25,35
1185,1,9,71
1186,1,19,31
1187,2,38,43
1188,2,36,24
1189,3,19,58
1190,1,17,115
1191,1,15,168
1192,1,5,128
1193,1,20,138
1194,2,32,81
1195,3,3,41
1196,2,7,123
1197,1,13,71
1198,3,23,8
1199,1,14,42
1200,1,4,62
1201,1,12,22
1202,2,8,38
1203,2,11,24
1204,1,37,50
1205,2,1,190
1206,1,7,94
1207,3,37,165
1208,2,12,43
1209,2,26,48
1210,2,21,52
1211,1,24,84
1212,1,36,131
1213,1,8,44
1214,1,2,78
1215,2,36,15
1216,3,20,38
1217,3,25,84
1218,1,20,122
1219,1,36,98
1220,2,18,80
1221,1,17,165
1222,1,5,121
1223,2,37,20
1224,1,19,11
1225,3,35,45
1226,2,6,118
1227,1,36,14
1228,2,13,30
1229,1,30,45
1230,1,32,80
1231,2,1,25
1232,1,41,144
1233,3,19,84
1234,1,29,22
1235,1,18,33
1236,3,28,60
1237,2,6,81
1238,3,13,169
1239,3,2,63
1240,3,26,12
1241,1,27,15
1242,3,38,39
1243,2,4,44
1244,1,10,110
1245,2,8,130
1246,3,21,41
1247,3,22,59
1248,1,28,39
1249,2,19,35
1250,2,27,80
1251,2,20,81
1252,3,13,31
1253,3,17,93
1254,1,33,45
1255,3,12,40
1256,3,1,80
1257,3,7,20
1258,3,37,41
1259,1,8,31
1260,2,27,35
1261,3,31,40
1262,3,39,84
1263,3,1,53
1264,3,5,85
1265,1,33,138
1266,3,2,71
1267,3,39,113
1268,2,23,23
1269,1,9,62
1270,3,11,14
1271,3,18,60
1272,1,4,94
1273,2,39,83
1274,3,35,130
1275,1,37,61
1276,1,2,92
1277,3,16,20
1278,1,20,194
1279,1,10,74
1280,3,22,84
1281,2,40,98
1282,1,15,52
1283,2,26,55
1284,1,6,64
1285,1,40,128
1286,2,13,113
1287,2,3,50
1288,2,18,54
1289,1,38,129
1290,1,21,82
1291,2,38,100
1292,1,34,44
1293,2,30,164
1294,1,31,81
1295,1,10,71
1296,3,17,28
1297,1,6,80
1298,2,35,90
1299,2,14,74
1300,3,25,14
1301,2,36,23
1302,1,17,153
1303,3,16,38
1304,2,5,112
1305,1,26,145
1306,2,6,28
1307,3,9,31
1308,1,2,195
1309,3,24,50
1310,3,14,71
1311,3,36,21
1312,3,11,35
1313,1,21,42
1314,3,27,78
1315,2,6,73
1316,3,25,53
1317,3,3,51
1318,3,30,40
1319,1,26,178
1320,1,6,35
1321,2,7,192
1322,1,3,123
1323,2,5,48
1324,2,26,45
1325,1,28,15
1326,1,24,79
1327,2,5,63
1328,3,35,30
1329,1,36,145
1330,2,4,32
1331,1,9,64
1332,1,7,84
1333,2,5,21
1334,2,38,99
1335,1,22,35
1336,1,24,180
1337,1,12,42
1338,2,0,179
1339,3,27,42
1340,2,25,180
1341,1,11,82
1342,1,16,55
1343,1,12,79
1344,3,17,48
1345,1,25,93
1346,3,32,23
1347,1,20,50
1348,1,34,85
1349,2,14,35
1350,2,2,171
1351,2,2,29
1352,3,35,84
1353,2,27,20
1354,3,25,14
1355,1,10,179
1356,1,37,48
1357,1,16,74
1358,1,29,53
1359,2,25,83
1360,1,40,171
1361,1,28,85
1362,2,26,38
1363,1,5,85
1364,1,8,79
1365,1,19,69
1366,3,35,43
1367,1,34,33
1368,3,38,42
1369,3,21,40
1370,3,33,43
1371,3,5,20
1372,1,32,65
1373,1,13,139
1374,3,35,135
1375,3,34,84
1376,3,26,179
1377,2,39,45
1378,1,3,109
1379,3,29,34
1380,1,37,162
1381,1,34,105
1382,2,12,22
1383,1,8,82
1384,2,41,105
1385,3,31,62
1386,1,31,82
1387,1,3,72
1388,1,10,38
1389,1,28,25
1390,3,15,20
1391,2,3,80
1392,1,18,84
1393,1,23,33
1394,3,37,55
1395,2,27,33
1396,3,23,190
1397,3,18,43
1398,3,41,45
1399,1,18,141
1400,1,16,69
1401,2,8,78
1402,3,15,84
1403,2,29,172
1404,1,6,51
1405,3,28,75
1406,2,22,183
1407,3,23,20
1408,3,39,101
1409,3,14,129
1410,1,17,63
1411,1,35,44
1412,3,39,184
1413,1,33,100
1414,1,24,12
1415,3,33,68
1416,1,8,48
1417,1,15,82
1418,1,18,52
1419,2,41,154
1420,1,4,39
1421,1,4,40
1422,3,17,54
1423,2,8,32
1424,3,30,64
1425,1,3,92
1426,3,38,40
1427,3,11,60
1428,1,5,85
1429,1,-1,21
1430,3,5,35
1431,1,7,52
1432,1,34,128
1433,1,2,195
1434,2,25,68
1435,1,41,55
1436,1,17,55
1437,1,21,80
1438,1,3,123
1439,2,37,90
1440,3,29,61
1441,2,15,41
1442,3,33,43
1443,1,13,71
1444,1,12,25
1445,2,33,154
1446,1,21,141
1447,3,4,22
1448,1,28,145
1449,3,16,49
1450,1,37,109
1451,1,34,80
1452,2,20,82
1453,1,28,52
1454,1,5,85
1455,1,25,148
1456,1,39,160
1457,1,11,39
1458,3,16,25
1459,3,25,33
1460,2,20,38
1461,3,16,85
1462,1,28,48
1463,3,21,15
1464,1,10,94
1465,1,4,120
1466,3,19,60
1467,1,9,145
1468,3,36,29
1469,2,18,78
1470,2,35,59
1471,3,28,80
1472,1,26,180
1473,2,8,8
1474,3,35,23
1475,3,23,79
1476,3,19,78
1477,2,37,64
1478,3,14,64
1479,1,39,160
1480,3,4,43
1481,3,42,32
1482,1,9,179
1483,1,35,8
1484,1,32,63
1485,3,30,40
1486,2,9,99
1487,2,9,141
1488,1,4,159
1489,1,12,39
1490,2,38,99
1491,2,4,18
1492,1,12,38
1493,1,8,133
1494,1,34,84
1495,2,35,60
1496,3,28,178
1497,3,12,18
1498,3,21,73
1499,1,23,125
1500,2,26,91
1501,1,28,74
1502,2,4,35
1503,1,39,113
1504,2,8,52
1505,2,6,191
1506,3,25,18
1507,1,27,25
1508,3,18,50
1509,3,10,75
1510,3,26,92
1511,2,32,33
1512,3,32,65
1513,1,28,44
1514,1,21,183
1515,1,20,175
1516,3,28,28
1517,2,17,49
1518,1,26,45
1519,3,17,64
1520,3,38,22
1521,1,30,120
1522,1,8,175
1523,3,-1,101
1524,3,16,104
1525,3,16,155
1526,1,18,58
1527,2,10,80
1528,3,33,45
1529,1,9,134
1530,3,14,58
1531,1,21,20
1532,3,13,25
1533,1,20,55
1534,1,37,155
1535,1,34,30
1536,1,37,39
1537,3,12,73
1538,1,34,41
1539,3,30,34
1540,3,5,21
1541,1,8,11
1542,1,35,154
1543,3,20,19
1544,2,26,101
1545,1,15,24
1546,1,29,131
1547,1,9,105
1548,2,21,52
1549,2,32,21
1550,1,31,45
1551,1,14,39
1552,1,25,192
1553,1,5,195
1554,1,22,83
1555,2,15,34
1556,2,33,49
1557,3,1,60
1558,1,25,41
1559,1,10,72
1560,2,35,102
1561,1,10,31
1562,2,20,73
1563,1,9,89
1564,3,29,19
1565,2,40,63
1566,3,9,104
1567,2,35,40
1568,3,39,92
1569,2,33,72
1570,2,27,44
1571,1,16,114
1572,1,13,73
1573,2,40,63
1574,3,20,69
1575,1,37,42
1576,1,26,88
1577,1,18,98
1578,1,8,65
1579,2,13,12
1580,1,5,122
1581,3,14,12
1582,1,29,24
1583,1,19,170
1584,2,36,184
1585,3,20,25
1586,1,31,131
1587,3,33,50
1588,1,28,21
1589,2,3,55
1590,2,32,124
1591,1,23,58
1592,1,13,72
1593,3,31,192
1594,2,38,83
1595,1,12,93
1596,3,26,38
1597,3,20,55
1598,3,41,11
1599,1,15,85
1600,1,24,124
1601,1,36,129
1602,1,7,180
1603,2,14,74
1604,3,6,138
1605,3,29,111
1606,1,28,83
1607,1,10,33
1608,3,29,21
1609,1,10,35
1610,3,41,105
1611,2,14,103
1612,3,32,75
1613,1,17,33
1614,2,34,52
1615,2,23,89
1616,3,36,63
1617,2,23,84
1618,1,36,44
1619,1,3,29
1620,3,21,29
1621,2,14,22
1622,1,6,53
1623,2,14,24
1624,1,38,153
1625,2,2,31
1626,2,30,21
1627,1,6,180
1628,2,20,82
1629,1,18,90
1630,3,29,154
1631,2,17,99
1632,2,36,153
1633,2,5,93
1634,2,38,53
1635,2,34,18
1636,1,24,70
1637,3,39,100
1638,3,6,193
1639,1,7,125
1640,3,31,68
1641,1,10,55
1642,3,34,152
1643,1,3,84
1644,3,16,13
1645,1,35,33
1646,2,32,89
1647,1,26,93
1648,3,5,68
1649,2,21,85
1650,2,4,73
1651,2,6,83
1652,3,36,158
1653,3,18,182
1654,3,1,24
1655,1,34,102
1656,1,11,53
1657,1,15,175
1658,1,5,28
1659,1,25,14
1660,3,7,139
1661,1,11,34
1662,3,14,64
1663,2,38,84
1664,2,32,42
1665,1,35,63
1666,3,12,100
1667,2,25,190
1668,1,20,22
1669,2,37,20
1670,2,18,21
1671,2,14,25
1672,3,9,20
1673,1,23,173
1674,1,5,81
1675,2,11,139
1676,1,35,119
1677,3,20,74
1678,2,10,42
1679,1,30,73
1680,1,31,114
1681,3,36,44
1682,1,8,141
1683,1,26,14
1684,3,29,33
1685,1,34,83
1686,1,16,89
1687,1,38,39
1688,3,39,83
1689,1,34,108
1690,2,34,21
1691,1,1,102
1692,3,32,48
1693,1,32,32
1694,1,31,43
1695,2,23,35
1696,1,6,184
1697,1,21,140
1698,2,38,32
1699,1,20,149
1700,3,25,15
1701,2,16,71
1702,2,3,108
1703,1,30,122
1704,3,41,40
1705,1,22,198
1706,2,24,79
1707,3,31,84
1708,2,37,31
1709,3,20,12
1710,1,34,88
1711,2,5,29
1712,1,3,201
1713,3,20,20
1714,1,20,15
1715,1,27,155
1716,2,13,25
1717,1,8,200
1718,2,7,101
1719,2,16,19
1720,1,12,188
1721,1,28,8
1722,3,29,59
1723,1,2,72
1724,3,15,55
1725,2,19,24
1726,1,32,19
1727,3,33,71
1728,2,26,54
1729,3,26,28
1730,3,20,25
1731,3,17,51
1732,1,19,125
1733,2,0,88
1734,1,16,125
1735,3,10,79
1736,2,36,31
1737,1,31,131
1738,2,19,70
1739,3,36,38
1740,1,7,83
1741,1,20,59
1742,1,21,121
1743,3,38,42
1744,1,24,32
1745,1,3,29
1746,2,12,40
1747,3,36,25
1748,2,5,21
1749,2,23,79
1750,3,22,52
1751,2,34,61
1752,1,31,25
1753,3,8,155
1754,1,29,25
1755,1,24,80
1756,2,3,55
1757,3,17,23
1758,1,9,60
1759,1,14,54
1760,1,6,44
1761,2,16,33
1762,2,27,45
1763,3,35,55
1764,1,24,134
1765,2,21,44
1766,1,0,149
1767,3,38,22
1768,2,14,74
1769,1,18,128
1770,1,36,62
1771,1,37,9
1772,3,21,9
1773,2,11,15
1774,1,5,28
1775,3,18,83
1776,3,22,73
1777,2,26,42
1778,2,27,34
1779,2,3,32
1780,1,9,68
1781,1,24,82
1782,2,26,19
1783,1,11,60
1784,1,27,192
1785,1,29,119
1786,1,3,190
1787,2,11,34
1788,1,6,44
1789,3,13,23
1790,1,20,171
1791,3,20,43
1792,1,22,139
1793,1,20,118
1794,3,9,113
1795,3,32,98
1796,1,24,70
1797,3,32,42
1798,1,10,143
1799,1,20,185
1800,2,14,28
1801,1,33,45
1802,2,10,78
1803,1,3,121
1804,1,32,59
1805,1,16,64
1806,1,26,15
1807,1,36,10
1808,3,20,61
1809,1,31,50
1810,3,10,79
1811,1,34,35
1812,3,3,11
1813,1,19,128
1814,3,36,55
1815,2,22,79
1816,1,39,18
1817,2,19,91
1818,3,11,9
1819,3,20,62
1820,1,34,59
1821,1,22,25
1822,1,7,54
1823,2,23,112
1824,1,8,125
1825,2,23,194
1826,3,32,161
1827,1,33,35
1828,1,30,113
1829,2,4,25
1830,3,29,45
1831,1,13,119
1832,2,22,30
1833,2,29,79
1834,3,9,178
1835,2,16,23
1836,1,23,171
1837,3,19,74
1838,1,18,103
1839,1,7,99
1840,3,2,43
1841,3,25,23
1842,2,17,91
1843,2,29,93
1844,1,6,154
1845,3,40,21
1846,3,18,65
1847,2,32,15
1848,3,0,52
1849,1,10,30
1850,2,26,42
1851,1,10,20
1852,2,8,60
1853,3,6,54
1854,1,25,60
1855,2,25,41
1856,2,39,30
1857,2,24,21
1858,2,13,105
1859,1,11,65
1860,1,41,20
1861,1,6,179
1862,1,38,161
1863,3,17,82
1864,2,22,43
1865,1,36,61
1866,3,6,90
1867,2,24,90
1868,1,39,21
1869,1,1,118
1870,2,30,44
1871,3,37,110
1872,2,5,99
1873,1,17,98
1874,2,4,69
1875,2,11,82
1876,1,3,112
1877,1,38,123
1878,2,24,78
1879,1,30,59
1880,2,30,78
1881,3,19,49
1882,2,19,82
1883,1,32,125
1884,1,30,185
1885,1,33,163
1886,3,6,19
1887,2,41,115
1888,2,7,81
1889,3,10,93
1890,1,30,111
1891,1,27,184
1892,2,18,50
1893,1,30,55
1894,3,24,13
1895,1,25,29
1896,1,2,72
1897,2,7,83
1898,3,29,98
1899,1,24,43
1900,1,33,34
1901,2,36,10
1902,1,19,201
1903,3,14,85
1904,3,26,50
1905,1,14,91
1906,1,-1,112
1907,1,17,98
1908,1,18,115
1909,2,26,22
1910,2,30,101
1911,3,18,83
1912,2,35,52
1913,2,16,191
1914,1,33,134
1915,2,24,54
1916,1,11,69
1917,3,32,64
1918,3,32,53
1919,3,9,118
1920,2,13,19
1921,3,28,31
1922,3,21,63
1923,3,15,25
1924,1,19,22
1925,3,38,78
1926,1,19,81
1927,2,6,41
1928,1,10,62
1929,3,34,35
1930,3,19,30
1931,2,29,51
1932,1,2,140
1933,1,39,73
1934,2,39,40
1935,3,20,69
1936,3,9,191
1937,2,24,82
1938,3,25,181
1939,3,4,38
1940,1,31,23
1941,3,33,55
1942,1,19,58
1943,2,36,29
1944,1,23,39
1945,2,28,39
1946,1,33,30
1947,3,23,58
1948,3,28,62
1949,1,15,62
1950,3,34,19
1951,2,12,38
1952,3,21,84
1953,2,5,78
1954,1,25,22
1955,3,20,81
1956,2,17,32
1957,1,18,89
1958,1,4,121
1959,1,2,42
1960,1,24,130
1961,2,19,30
1962,1,26,114
1963,1,4,155
1964,1,38,50
1965,2,10,34
1966,3,20,94
1967,2,26,114
1968,3,18,89
1969,3,24,49
1970,1,38,115
1971,1,3,148
1972,2,17,72
1973,3,2,114
1974,1,22,11
1975,3,13,63
1976,1,3,113
1977,1,13,80
1978,3,15,54
1979,3,11,32
1980,1,17,11
1981,1,19,141
1982,2,26,84
1983,2,33,18
1984,1,5,20
1985,2,1,55
1986,2,7,31
1987,1,17,114
1988,2,31,52
1989,1,28,18
1990,3,35,55
1991,3,8,29
1992,1,22,30
1993,1,28,38
1994,1,5,122
1995,1,8,183
1996,2,11,41
1997,3,24,38
1998,3,30,61
1999,3,32,103
2000,2,22,80
2001,2,2,22
2002,2,17,128
2003,1,4,142
2004,1,20,124
2005,3,4,44
2006,2,23,170
2007,2,39,75
2008,2,21,78
2009,3,38,31
2010,1,0,99
2011,1,36,41
2012,2,21,39
2013,1,31,51
2014,3,15,52
2015,3,19,169
2016,1,5,141
2017,1,17,93
2018,2,15,14
2019,1,39,160
2020,1,17,44
2021,1,34,33
2022,3,20,103
2023,3,3,71
2024,1,29,55
2025,1,12,113
2026,2,20,79
2027,2,33,80
2028,1,12,179
2029,3,17,9
2030,2,3,61
2031,1,38,111
2032,1,35,80
2033,1,37,32
2034,1,23,83
2035,2,33,91
2036,1,10,29
2037,2,19,19
2038,2,8,52
2039,1,24,150
2040,3,25,32
2041,3,16,91
2042,2,20,180
2043,1,17,121
2044,3,32,25
2045,1,25,102
2046,2,28,44
2047,2,16,161
2048,2,38,134
2049,2,4,43
2050,2,18,94
2051,3,15,29
2052,1,8,38
2053,1,3,120
2054,1,32,85
2055,1,15,89
2056,3,23,25
2057,1,8,20
2058,1,12,125
2059,3,7,18
2060,1,3,173
2061,3,29,34
2062,2,38,159
2063,1,31,55
2064,3,30,32
2065,3,29,65
2066,1,5,83
2067,2,16,30
2068,1,32,180
2069,3,37,13
2070,1,4,35
2071,1,37,95
2072,1,28,83
2073,1,3,39
2074,3,20,54
2075,3,27,81
2076,3,16,53
2077,1,23,119
2078,3,9,160
2079,2,11,21
2080,3,2,40
2081,2,40,69
2082,2,27,45
2083,2,7,55
2084,3,7,38
2085,2,9,44
2086,2,24,45
2087,2,12,84
2088,2,27,188
2089,3,9,29
2090,2,29,95
2091,1,25,79
2092,2,4,41
2093,3,23,19
2094,3,23,75
2095,1,31,64
2096,3,21,174
2097,3,29,54
2098,2,11,14
2099,1,35,94
2100,1,29,10
2101,1,6,145
2102,3,5,203
2103,3,-1,81
2104,1,13,153
2105,3,14,58
2106,3,5,49
2107,1,38,132
2108,3,17,85
2109,1,32,85
2110,3,23,178
2111,1,4,104
2112,1,34,40
2113,1,2,103
2114,1,33,25
2115,3,36,69
2116,1,31,30
2117,2,17,70
2118,3,7,15
2119,1,5,125
2120,3,13,50
2121,3,17,44
2122,2,17,38
2123,1,29,64
2124,2,2,9
2125,1,9,44
2126,1,20,93
2127,1,19,83
2128,1,14,179
2129,3,40,40
2130,3,10,58
2131,1,31,74
2132,1,31,15
2133,1,35,11
2134,2,15,41
2135,2,24,68
2136,3,15,28
2137,3,26,115
2138,2,40,83
2139,2,11,40
2140,3,32,113
2141,3,27,89
2142,1,4,38
2143,1,31,62
2144,1,31,65
2145,2,6,168
2146,1,32,40
2147,3,3,30
2148,1,3,20
2149,3,30,58
2150,1,22,150
2151,1,38,54
2152,2,16,19
2153,3,38,30
2154,1,14,123
2155,2,8,45
2156,1,38,154
2157,1,11,93
2158,1,0,71
2159,1,25,83
2160,3,35,99
2161,2,17,55
2162,2,28,38
2163,2,13,74
2164,3,3,69
2165,1,3,104
2166,3,0,38
2167,3,8,25
2168,1,40,162
2169,3,29,64
2170,2,27,30
2171,3,13,52
2172,3,11,42
2173,2,15,79
2174,1,10,34
2175,1,5,123
2176,1,12,160
2177,2,14,51
2178,1,7,108
2179,2,13,158
2180,2,23,68
2181,3,33,42
2182,3,15,32
2183,3,14,22
2184,3,8,29
2185,3,36,183
2186,3,30,69
2187,1,2,92
2188,3,30,40
2189,3,4,9
2190,1,23,128
2191,1,3,110
2192,1,18,171
2193,1,1,13
2194,3,19,25
2195,2,9,123
2196,1,27,33
2197,2,24,189
2198,3,35,34
2199,2,35,58
2200,2,24,51
2201,1,25,29
2202,1,16,111
2203,3,24,43
2204,1,25,130
2205,1,37,20
2206,1,37,101
2207,2,7,48
2208,3,12,180
2209,3,40,92
2210,1,10,33
2211,2,33,51
2212,2,14,31
2213,1,22,83
2214,1,37,45
2215,3,27,89
2216,2,3,193
2217,1,40,89
2218,2,24,162
2219,2,13,9
2220,3,22,58
2221,3,40,80
2222,3,33,73
2223,1,20,41
2224,2,28,74
2225,3,12,29
2226,3,24,25
2227,1,1,98
2228,2,35,59
2229,3,23,43
2230,2,22,72
2231,3,11,183
2232,1,20,134
2233,1,33,140
2234,3,35,39
2235,2,12,35
2236,1,37,141
2237,2,24,23
2238,1,5,134
2239,3,22,35
2240,1,29,42
2241,3,17,81
2242,1,0,14
2243,1,17,45
2244,2,28,79
2245,2,31,53
2246,2,28,33
2247,2,11,190
2248,3,34,60
2249,2,37,8
2250,2,14,38
2251,1,22,154
2252,2,5,54
2253,1,32,41
2254,1,35,25
2255,1,22,53
2256,1,9,79
2257,2,31,13
2258,1,23,130
2259,2,33,93
2260,1,0,82
2261,2,14,15
2262,2,3,150
2263,2,29,131
2264,1,21,28
2265,2,11,9
2266,2,23,88
2267,1,13,143
2268,3,13,168
2269,2,3,105
2270,3,18,62
2271,1,2,51
2272,1,34,101
2273,1,3,90
2274,3,1,83
2275,3,15,21
2276,1,16,115
2277,1,3,172
2278,2,6,32
2279,1,4,204
2280,1,23,34
2281,3,7,30
2282,2,32,31
2283,1,14,90
2284,3,28,79
2285,1,23,22
2286,3,22,114
2287,3,36,42
2288,3,6,29
2289,2,11,72
2290,3,35,68
2291,3,13,78
2292,1,23,90
2293,2,33,170
2294,2,17,14
2295,1,15,129
2296,3,23,39
2297,1,3,82
2298,2,35,31
2299,2,24,9
2300,3,37,15
2301,1,41,70
2302,3,13,84
2303,1,17,155
2304,3,21,89
2305,1,2,170
2306,1,7,185
2307,1,13,82
2308,1,31,60
2309,2,13,58
2310,1,12,29
2311,1,6,32
2312,2,37,115
2313,2,22,83
2314,2,32,54
2315,3,2,112
2316,2,26,182
2317,1,30,112
2318,3,5,129
2319,2,34,23
2320,1,9,198
2321,3,22,84
2322,3,15,39
2323,1,37,129
2324,2,7,113
2325,3,11,35
2326,3,30,85
2327,1,19,73
2328,3,25,70
2329,1,2,130
2330,1,4,39
2331,2,5,72
2332,3,37,68
2333,3,16,35
2334,1,21,61
2335,1,21,69
2336,2,13,59
2337,3,8,99
2338,2,16,201
2339,1,18,130
2340,2,31,72
2341,1,9,44
2342,3,10,91
2343,1,37,92
2344,1,34,55
2345,1,40,20
2346,1,40,89
2347,2,26,59
2348,3,39,8
2349,1,25,85
2350,1,35,94
2351,1,28,22
2352,3,31,74
2353,2,19,59
2354,2,36,12
2355,2,9,8
2356,3,31,74
2357,2,5,184
2358,2,19,34
2359,3,27,63
2360,2,12,123
2361,3,1,85
2362,3,12,109
2363,3,15,31
2364,2,13,61
2365,1,35,88
2366,2,18,22
2367,2,4,63
2368,1,1,80
2369,1,22,78
2370,1,24,45
2371,3,7,51
2372,3,6,111
2373,1,10,45
2374,2,9,184
2375,2,5,41
2376,3,30,69
2377,1,33,23
2378,1,23,160
2379,2,5,61
2380,1,18,110
2381,3,16,50
2382,2,9,49
2383,2,20,185
2384,1,39,52
2385,1,37,53
2386,2,17,125
2387,1,5,72
2388,3,2,51
2389,1,39,23
2390,3,1,41
2391,1,9,41
2392,2,12,138
2393,1,20,138
2394,1,28,14
2395,1,18,145
2396,2,17,25
2397,1,10,43
2398,2,22,93
2399,1,29,90
2400,3,36,41
2401,3,36,169
2402,3,17,63
2403,2,21,23
2404,1,13,140
2405,3,15,75
2406,2,32,13
2407,3,7,10
2408,2,15,100
2409,1,22,85
2410,1,31,73
2411,1,4,130
2412,2,22,65
2413,1,36,59
2414,3,34,31
2415,1,10,134
2416,1,21,11
2417,3,35,32
2418,3,0,53
2419,1,17,28
2420,3,37,44
2421,1,39,40
2422,2,19,40
2423,1,32,163
2424,3,25,82
2425,2,12,89
2426,2,30,78
2427,3,36,55
2428,2,5,34
2429,2,12,108
2430,2,7,58
2431,1,-1,73
2432,1,31,54
2433,2,30,45
2434,2,11,123
2435,1,12,93
2436,2,9,102
2437,1,29,39
2438,2,40,114
2439,3,37,29
2440,2,25,30
2441,3,5,22
2442,1,38,38
2443,1,15,41
2444,3,3,161
2445,2,35,38
2446,3,23,25
2447,1,1,70
2448,1,19,201
2449,3,26,42
2450,1,7,64
2451,3,7,28
2452,1,25,119
2453,3,1,28
2454,3,19,60
2455,2,29,23
2456,3,8,164
2457,1,30,39
2458,3,17,19
2459,3,20,72
2460,3,37,41
2461,2,5,32
2462,2,5,69
2463,1,28,23
2464,1,9,44
2465,2,36,32
2466,1,34,25
2467,3,-2,80
2468,2,16,83
2469,1,23,133
2470,2,18,89
2471,3,7,81
2472,2,11,44
2473,1,36,119
2474,1,32,39
2475,3,38,40
2476,1,26,79
2477,2,28,30
2478,3,14,179
2479,1,5,178
2480,2,30,82
2481,2,13,50
2482,2,30,64
2483,1,4,129
2484,1,18,68
2485,3,21,30
2486,1,36,48
2487,1,36,130
2488,3,20,40
2489,1,14,105
2490,1,3,41
2491,3,28,168
2492,1,14,80
2493,1,3,134
2494,3,9,49
2495,1,9,63
2496,1,22,70
2497,2,37,32
2498,3,9,14
2499,1,14,111
2500,2,27,38
2501,1,2,121
2502,3,18,90
2503,2,31,178
2504,2,14,20
2505,1,24,61
2506,1,7,43
2507,2,42,39
2508,1,34,60
2509,1,15,63
2510,3,11,8
2511,2,38,52
2512,1,27,92
2513,1,32,111
2514,3,26,71
2515,2,16,25
2516,3,5,34
2517,3,3,74
2518,1,31,120
2519,2,37,50
2520,1,36,10
2521,2,29,45
2522,1,23,29
2523,1,37,145
2524,1,23,100
2525,1,25,24
2526,1,8,60
2527,2,1,50
2528,2,1,43
2529,1,31,79
2530,2,5,44
2531,3,30,31
2532,1,35,14
2533,1,28,19
2534,2,29,111
2535,2,30,90
2536,3,25,21
2537,2,25,104
2538,2,27,75
2539,1,12,175
2540,1,7,98
2541,1,23,41
2542,2,8,171
2543,2,30,79
2544,2,39,24
2545,2,34,90
2546,2,-1,39
2547,1,25,9
2548,2,13,15
2549,1,24,80
2550,3,15,63
2551,3,8,20
2552,3,22,43
2553,3,15,65
2554,2,15,91
2555,1,39,53
2556,2,32,110
2557,1,4,82
2558,3,11,23
2559,1,19,172
2560,1,12,88
2561,3,18,71
2562,3,5,180
2563,3,21,39
2564,3,13,94
2565,2,16,25
2566,3,15,10
2567,1,5,42
2568,1,33,142
2569,1,21,34
2570,1,10,139
2571,1,4,154
2572,3,8,40
2573,3,32,33
2574,1,34,80
2575,2,18,10
2576,3,16,41
2577,1,36,30
2578,3,29,78
2579,1,21,164
2580,3,27,23
2581,1,7,149
2582,3,34,25
2583,3,9,42
2584,1,11,71
2585,2,34,114
2586,2,26,70
2587,1,23,149
2588,2,33,55
2589,1,36,29
2590,1,40,123
2591,3,20,152
2592,2,7,8
2593,1,32,69
2594,3,23,161
2595,2,23,79
2596,1,10,105
2597,1,8,39
2598,1,23,163
2599,1,20,9
2600,3,20,71
2601,3,18,51
2602,3,24,32
2603,1,26,161
2604,1,27,60
2605,2,10,35
2606,2,40,41
2607,1,22,73
2608,1,33,49
2609,1,35,79
2610,1,18,120
2611,1,16,60
2612,2,8,78
2613,2,26,40
2614,3,26,110
2615,3,11,160
2616,1,32,68
2617,3,31,49
2618,1,20,65
2619,2,-3,55
2620,1,8,62
2621,1,22,152
2622,2,18,42
2623,2,28,39
2624,1,17,111
2625,1,21,82
2626,2,36,108
2627,3,27,59
2628,1,30,61
2629,2,6,78
2630,3,18,18
2631,3,37,113
2632,2,20,62
2633,1,24,81
2634,1,25,13
2635,1,9,75
2636,3,14,33
2637,1,13,179
2638,2,26,69
2639,3,4,45
2640,2,26,59
2641,1,13,81
2642,1,5,133
2643,3,29,81
2644,2,38,14
2645,3,14,28
2646,1,12,93
2647,3,20,191
2648,1,37,155
2649,1,0,155
2650,1,8,68
2651,1,40,52
2652,3,17,51
2653,1,0,44
2654,1,5,121
2655,1,36,49
2656,3,26,42
2657,1,15,144
2658,2,6,72
2659,1,4,44
2660,3,35,43
2661,2,14,74
2662,1,41,145
2663,1,41,158
2664,1,28,78
2665,2,29,154
2666,3,9,105
2667,2,7,100
2668,2,39,58
2669,1,35,113
2670,2,18,10
2671,1,33,142
2672,1,37,128
2673,3,5,131
2674,2,30,88
2675,1,6,101
2676,3,1,70
2677,1,20,122
2678,1,8,70
2679,3,38,148
2680,3,32,43
2681,3,30,31
2682,3,11,35
2683,3,27,81
2684,3,25,19
2685,3,5,98
2686,3,2,101
2687,3,24,81
2688,1,27,135
2689,2,30,34
2690,1,16,104
2691,2,38,29
2692,2,36,119
2693,2,20,82
2694,1,29,62
2695,1,19,85
2696,2,15,8
2697,3,37,78
2698,2,32,44
2699,1,14,122
2700,2,11,22
2701,2,5,39
2702,2,26,55
2703,1,18,144
2704,2,27,71
2705,1,13,191
2706,2,26,22
2707,1,17,158
2708,3,9,131
2709,2,24,75
2710,2,4,69
2711,1,27,39
2712,1,14,34
2713,1,7,32
2714,1,18,129
2715,1,20,158
2716,1,18,54
2717,2,17,34
2718,2,-2,45
2719,3,33,68
2720,2,21,53
2721,1,23,32
2722,3,33,173
2723,1,34,31
2724,1,29,72
2725,2,24,30
2726,1,38,138
2727,2,37,18
2728,1,19,69
2729,1,13,58
2730,1,34,63
2731,1,30,43
2732,3,5,28
2733,3,9,38
2734,2,29,72
2735,1,31,64
2736,2,12,70
2737,1,29,12
2738,1,31,159
2739,3,9,103
2740,3,18,42
2741,3,29,48
2742,1,3,49
2743,1,14,89
2744,2,8,22
2745,1,27,10
2746,2,25,38
2747,3,29,49
2748,3,12,30
2749,2,7,82
2750,3,37,82
2751,2,33,24
2752,1,23,32
2753,3,25,34
2754,2,27,195
2755,1,1,61
2756,2,11,22
2757,3,0,40
2758,1,38,50
2759,3,36,35
2760,2,33,64
2761,1,7,49
2762,2,8,44
2763,1,31,65
2764,1,31,13
2765,3,5,84
2766,2,29,28
2767,1,32,108
2768,1,24,59
2769,1,22,163
2770,3,9,183
2771,3,6,69
2772,1,16,115
2773,1,31,130
2774,2,37,185
2775,1,29,118
2776,1,13,163
2777,1,20,140
2778,2,33,91
2779,3,31,61
2780,2,35,168
2781,2,13,69
2782,1,21,22
2783,1,22,53
2784,2,26,25
2785,2,9,115
2786,3,9,31
2787,3,10,83
2788,1,34,152
2789,1,20,30
2790,3,3,34
2791,3,22,44
2792,1,20,182
2793,1,30,44
2794,1,33,122
2795,1,26,35
2796,3,25,91
2797,2,32,30
2798,3,39,53
2799,3,33,28
2800,2,39,85
2801,2,26,28
2802,1,34,41
2803,3,22,154
2804,3,18,41
2805,1,32,33
2806,3,12,182
2807,3,27,59
2808,1,2,129
2809,3,27,35
2810,2,16,185
2811,2,34,45
2812,2,12,62
2813,3,28,183
2814,3,22,14
2815,3,28,53
2816,3,1,48
2817,1,26,128
2818,1,7,105
2819,1,9,40
2820,1,37,10
2821,1,4,102
2822,2,32,31
2823,1,5,30
2824,3,7,21
2825,1,36,44
2826,3,10,48
2827,2,11,21
2828,2,11,84
2829,2,10,64
2830,1,9,82
2831,1,35,39
2832,3,27,45
2833,3,21,133
2834,1,22,152
2835,1,16,12
2836,1,16,32
2837,1,1,74
2838,2,14,54
2839,2,6,181
2840,3,33,75
2841,1,15,95
2842,2,11,190
2843,1,11,90
2844,1,3,20
2845,3,34,64
2846,3,36,85
2847,2,43,105
2848,1,18,21
2849,2,-1,78
2850,1,21,158
2851,1,34,125
2852,2,36,81
2853,1,29,183
2854,2,3,54
2855,3,24,79
2856,2,11,38
2857,2,10,172
2858,1,8,184
2859,1,11,158
2860,3,11,188
2861,3,2,20
2862,3,18,60
2863,3,39,113
2864,1,5,70
2865,3,41,84
2866,3,33,23
2867,1,22,141
2868,1,33,110
2869,1,26,31
2870,1,35,22
2871,1,17,91
2872,3,39,82
2873,1,26,23
2874,1,23,35
2875,3,25,114
2876,2,33,18
2877,3,-2,80
2878,3,32,74
2879,2,19,122
2880,2,15,73
2881,1,40,40
2882,3,25,55
2883,2,31,69
2884,2,14,92
2885,3,2,48
2886,3,31,113
2887,2,25,58
2888,1,16,109
2889,2,28,39
2890,2,29,33
2891,1,24,18
2892,1,33,63
2893,2,32,43
2894,3,14,70
2895,3,25,19
2896,2,36,39
2897,1,28,81
2898,3,2,34
2899,2,1,140
2900,1,18,114
2901,3,28,55
2902,2,30,21
2903,2,30,50
2904,1,34,41
2905,1,32,190
2906,3,40,8
2907,2,8,55
2908,1,20,40
2909,2,32,22
2910,2,8,44
2911,3,22,102
2912,3,4,54
2913,2,20,130
2914,2,12,75
2915,1,18,42
2916,1,9,133
2917,2,20,40
2918,1,31,34
2919,1,3,142
2920,1,10,64
2921,3,35,44
2922,1,24,95
2923,3,26,49
2924,1,27,12
2925,3,26,98
2926,1,35,42
2927,3,28,44
2928,1,17,124
2929,1,6,175
2930,1,6,22
2931,1,17,78
2932,2,4,54
2933,1,16,154
2934,2,22,42
2935,1,13,195
2936,3,23,80
2937,2,22,81
2938,1,36,89
2939,2,9,61
2940,3,24,25
2941,2,3,43
2942,1,35,122
2943,1,5,160
2944,2,32,83
2945,3,30,79
2946,2,19,30
2947,1,9,145
2948,1,21,151
2949,3,18,14
2950,2,11,19
2951,3,16,55
2952,3,2,132
2953,1,8,182
2954,1,36,78
2955,2,7,42
2956,3,29,44
2957,3,38,195
2958,2,36,53
2959,1,41,65
2960,1,12,43
2961,3,29,38
2962,3,36,50
2963,2,-2,81
2964,3,3,41
2965,1,10,73
2966,3,27,31
2967,2,7,84
2968,1,14,95
2969,1,18,162
2970,3,18,60
2971,3,30,121
2972,2,25,43
2973,2,7,38
2974,1,22,82
2975,1,18,52
2976,1,33,43
2977,2,8,82
2978,1,10,161
2979,2,30,24
2980,1,32,102
2981,2,-1,53
2982,1,28,85
2983,1,33,111
2984,1,32,90
2985,1,28,94
2986,3,23,63
2987,2,30,153
2988,3,7,39
2989,1,21,205
2990,1,18,142
2991,1,25,163
2992,1,17,113
2993,1,21,64
2994,3,40,20
2995,1,24,179
2996,3,24,91
2997,1,18,103
2998,2,33,80
2999,1,35,38
3000,1,34,44
3001,2,14,164
3002,1,7,81
3003,2,13,95
3004,2,28,44
3005,1,7,88
3006,2,36,148
3007,2,37,169
3008,2,37,11
3009,3,25,92
3010,2,9,74
3011,1,1,72
3012,1,31,63
3013,1,3,172
3014,1,21,183
3015,3,34,40
3016,1,18,68
3017,3,23,78
3018,1,32,68
3019,1,32,49
3020,3,33,39
3021,1,20,151
3022,1,28,159
3023,2,33,89
3024,3,37,105
3025,1,35,78
3026,1,32,128
3027,1,20,81
3028,3,29,50
3029,3,39,38
3030,1,17,119
3031,2,26,110
3032,3,25,29
3033,3,22,19
3034,3,19,130
3035,1,21,38
3036,3,24,31
3037,2,9,14
3038,2,2,158
3039,1,8,39
3040,3,9,141
3041,1,2,33
3042,1,5,92
3043,2,26,78
3044,2,22,42
3045,2,16,15
3046,2,32,48
3047,1,12,63
3048,1,33,149
3049,1,39,49
3050,1,35,125
3051,2,25,58
3052,1,35,48
3053,3,30,75
3054,1,4,114
3055,2,21,134
3056,3,2,111
3057,2,29,62
3058,1,18,45
3059,1,4,113
3060,1,36,128
3061,3,38,168
3062,3,13,81
3063,2,14,75
3064,3,29,21
3065,1,33,83
3066,1,15,121
3067,3,33,40
3068,3,5,101
3069,3,26,90
3070,2,20,68
3071,2,3,74
3072,2,8,74
3073,3,30,51
3074,1,5,149
3075,3,15,31
3076,3,0,85
3077,3,-1,62
3078,1,21,44
3079,3,13,63
3080,1,31,23
3081,2,22,40
3082,3,10,78
3083,3,13,40
3084,1,16,78
3085,2,0,129
3086,2,29,71
3087,3,35,23
3088,1,33,15
3089,1,31,28
3090,1,5,23
3091,3,31,19
3092,3,32,42
3093,1,18,113
3094,2,5,34
3095,2,23,19
3096,2,25,43
3097,1,18,179
3098,3,32,44
3099,2,16,21
3100,1,40,115
3101,2,27,81
3102,1,31,91
3103,2,25,30
3104,3,22,55
3105,3,31,48
3106,2,4,23
3107,2,10,21
3108,1,17,55
3109,2,15,21
3110,3,34,40
3111,1,20,30
3112,2,9,78
3113,3,32,65
3114,3,5,50
3115,2,4,55
3116,1,5,111
3117,2,10,21
3118,3,16,65
3119,3,39,114
3120,3,36,54
3121,2,11,75
3122,1,2,13
3123,3,14,54
3124,2,17,22
3125,1,20,198
3126,1,20,18
3127,1,32,74
3128,3,14,61
3129,1,12,64
3130,2,14,10
3131,2,-2,82
3132,2,22,61
3133,1,7,83
3134,3,5,73
3135,1,30,22
3136,2,0,91
3137,3,34,65
3138,1,36,13
3139,1,11,103
3140,1,26,95
3141,1,7,31
3142,1,31,131
3143,3,8,175
3144,1,24,38
3145,1,18,104
3146,3,10,114
3147,2,1,38
3148,3,0,30
3149,3,22,19
3150,1,25,25
3151,3,22,124
3152,1,19,20
3153,3,15,83
3154,2,5,18
3155,3,1,99
3156,2,29,62
3157,2,30,24
3158,1,-1,13
3159,3,28,64
3160,1,33,62
3161,2,15,158
3162,1,4,88
3163,1,7,28
3164,3,27,52
3165,1,4,82
3166,1,37,140
3167,2,4,80
3168,2,38,58
3169,1,25,180
3170,2,28,55
3171,2,16,65
3172,2,12,62
3173,1,9,23
3174,1,10,35
3175,2,24,35
3176,1,18,74
3177,1,24,14
3178,3,4,83
3179,3,21,71
3180,1,17,53
3181,1,3,103
3182,1,15,109
3183,2,33,60
3184,2,17,12
3185,1,15,141
3186,1,10,128
3187,1,16,98
3188,3,18,41
3189,3,25,90
3190,1,6,31
3191,3,26,74
3192,3,5,83
3193,3,39,35
3194,1,7,140
3195,3,15,65
3196,1,29,35
3197,3,7,73
3198,2,10,29
3199,2,9,55
3200,2,9,20
3201,2,23,70
3202,1,3,81
3203,1,4,25
3204,1,20,119
3205,2,35,49
3206,1,33,38
3207,3,7,80
3208,1,32,84
3209,2,29,61
3210,2,16,173
3211,1,19,60
3212,3,9,83
3213,2,35,59
3214,3,9,32
3215,3,37,33
3216,3,15,19
3217,1,8,14
3218,1,39,94
3219,1,16,154
3220,2,15,33
3221,3,35,28
3222,1,16,44
3223,3,23,81
3224,3,18,29
3225,3,21,58
3226,2,28,38
3227,1,8,82
3228,3,7,18
3229,2,2,45
3230,1,9,64
3231,1,40,48
3232,3,37,24
3233,3,25,65
3234,1,20,111
3235,2,12,114
3236,3,35,39
3237,3,14,19
3238,2,9,22
3239,2,28,49
3240,1,4,40
3241,1,36,63
3242,1,15,55
3243,2,14,33
3244,3,26,31
3245,1,24,24
3246,3,22,81
3247,2,17,81
3248,1,20,113
3249,1,6,92
3250,1,25,81
3251,3,11,101
3252,2,26,78
3253,3,38,78
3254,2,30,35
3255,3,37,9
3256,2,7,82
3257,3,9,41
3258,3,35,84
3259,2,17,42
3260,1,8,54
3261,3,30,84
3262,1,40,131
3263,3,19,85
3264,1,8,84
3265,3,41,114
3266,3,14,61
3267,3,31,39
3268,1,35,21
3269,3,17,111
3270,1,34,68
3271,2,23,179
3272,2,27,93
3273,1,9,85
3274,1,15,180
3275,3,5,110
3276,1,8,65
3277,3,31,159
3278,1,19,81
3279,1,6,132
3280,2,-1,44
3281,1,33,98
3282,2,25,62
3283,1,21,91
3284,2,30,29
3285,3,-1,101
3286,2,13,65
3287,2,36,58
3288,3,13,32
3289,1,30,140
3290,1,25,44
3291,3,27,113
3292,2,28,38
3293,1,-1,13
3294,1,20,62
3295,3,12,29
3296,2,16,141
3297,2,37,132
3298,3,32,23
3299,1,32,11
3300,2,34,90
3301,2,38,43
3302,1,22,59
3303,3,11,28
3304,2,29,28
3305,1,17,108
3306,3,13,78
3307,1,22,65
3308,1,10,25
3309,3,23,108
3310,2,27,43
3311,2,29,95
3312,1,25,24
3313,1,22,190
3314,3,24,24
3315,1,13,41
3316,1,22,80
3317,3,26,63
3318,3,41,79
3319,1,20,105
3320,3,35,153
3321,1,25,114
3322,1,15,120
3323,3,16,104
3324,1,35,20
3325,1,31,41
3326,1,23,35
3327,2,27,174
3328,3,18,164
3329,1,20,22
3330,1,10,132
3331,3,9,32
3332,3,42,21
3333,2,9,49
3334,2,13,79
3335,3,14,30
3336,1,10,118
3337,3,34,11
3338,3,29,61
3339,2,9,43
3340,3,1,141
3341,3,3,54
3342,1,9,33
3343,3,13,84
3344,3,37,125
3345,1,19,110
3346,1,11,14
3347,1,15,65
3348,3,41,78
3349,3,35,18
3350,3,25,95
3351,2,3,95
3352,1,26,191
3353,3,4,19
3354,3,23,19
3355,3,18,39
3356,1,23,93
3357,3,23,115
3358,2,6,112
3359,1,35,40
3360,2,19,45
3361,1,24,133
3362,1,5,85
3363,2,4,18
3364,2,34,54
3365,2,15,41
3366,3,8,21
3367,1,9,152
3368,2,27,53
3369,2,18,163
3370,2,10,84
3371,3,13,59
3372,2,18,33
3373,1,29,81
3374,2,2,182
3375,3,31,61
3376,2,18,88
3377,1,21,170
3378,3,10,83
3379,2,0,44
3380,3,41,83
3381,2,38,21
3382,1,15,143
3383,1,36,103
3384,1,22,135
3385,1,11,162
3386,1,17,73
3387,3,10,142
3388,3,37,25
3389,1,21,115
3390,1,3,88
3391,3,3,73
3392,3,29,94
3393,1,7,58
3394,2,11,81
3395,3,-1,113
3396,2,16,35
3397,1,28,65
3398,1,6,170
3399,2,14,62
3400,3,29,54
3401,2,22,39
3402,3,15,28
3403,3,40,95
3404,2,29,82
3405,3,14,21
3406,3,30,50
3407,3,12,34
3408,3,32,19
3409,1,21,71
3410,2,5,113
3411,3,11,9
3412,1,37,118
3413,1,29,79
3414,3,24,72
3415,1,36,18
3416,1,12,93
3417,2,37,62
3418,2,12,23
3419,3,31,40
3420,1,10,34
3421,3,41,114
3422,1,23,125
3423,3,23,41
3424,3,35,38
3425,2,19,45
3426,1,-1,12
3427,3,5,115
3428,1,15,175
3429,3,21,24
3430,2,14,28
3431,1,38,32
3432,3,38,63
3433,1,23,32
3434,1,9,60
3435,3,31,53
3436,1,8,58
3437,2,29,42
3438,2,31,39
3439,1,17,72
3440,1,17,80
3441,2,1,39
3442,3,40,18
3443,3,18,30
3444,1,18,54
3445,1,35,128
3446,2,13,38
3447,1,32,120
3448,3,29,25
3449,3,18,85
3450,2,32,135
3451,3,4,14
3452,3,30,70
3453,2,37,23
3454,2,3,31
3455,1,21,132
3456,1,19,28
3457,3,22,125
3458,1,31,91
3459,1,23,191
3460,2,1,88
3461,3,37,84
3462,3,27,64
3463,2,33,28
3464,1,3,149
3465,1,37,172
3466,2,41,42
3467,2,6,53
3468,3,37,149
3469,2,19,113
3470,1,2,79
3471,1,31,175
3472,3,25,38
3473,2,27,120
3474,1,34,52
3475,2,24,42
3476,1,30,13
3477,1,39,141
3478,1,10,131
3479,3,6,133
3480,1,6,64
3481,1,39,49
3482,3,26,34
3483,1,33,91
3484,1,36,195
3485,2,18,53
3486,3,13,39
3487,1,1,20
3488,3,4,104
3489,2,15,51
3490,1,12,154
3491,1,9,38
3492,1,27,12
3493,3,9,28
3494,3,28,33
3495,2,2,31
3496,2,8,44
3497,3,13,49
3498,1,31,134
3499,3,6,182
3500,1,23,114
3501,2,26,90
3502,3,39,105
3503,1,8,58
3504,3,3,53
3505,3,20,15
3506,3,39,103
3507,2,1,58
3508,2,23,83
3509,3,9,125
3510,3,12,61
3511,2,11,69
3512,3,11,89
3513,1,20,70
3514,2,4,39
3515,2,9,41
3516,1,26,148
3517,2,21,38
3518,3,6,95
3519,1,36,129
3520,2,5,84
3521,2,35,29
3522,3,10,30
3523,3,40,90
3524,1,4,150
3525,2,33,15
3526,2,34,13
3527,3,33,9
3528,3,10,24
3529,2,17,41
3530,1,7,25
3531,2,28,49
3532,3,12,58
3533,1,12,141
3534,1,32,50
3535,1,10,61
3536,1,27,65
3537,1,24,112
3538,3,34,19
3539,2,0,23
3540,3,30,60
3541,1,15,30
3542,1,20,144
3543,3,5,118
3544,1,11,194
3545,1,19,109
3546,1,22,174
3547,3,40,34
3548,2,20,84
3549,2,16,41
3550,1,7,92
3551,3,10,19
3552,2,35,55
3553,2,27,22
3554,1,16,155
3555,3,13,72
3556,2,9,81
3557,1,11,30
3558,1,20,54
3559,1,34,60
3560,2,25,68
3561,2,5,65
3562,2,6,31
3563,3,8,169
3564,3,27,139
3565,3,7,29
3566,2,15,43
3567,1,33,80
3568,2,26,43
3569,1,4,194
3570,3,15,24
3571,3,29,32
3572,1,18,153
3573,3,6,30
3574,1,36,165
3575,2,30,64
3576,2,38,15
3577,2,30,70
3578,3,9,32
3579,2,5,128
3580,3,2,84
3581,3,16,62
3582,2,4,33
3583,1,25,65
3584,2,3,33
3585,2,37,15
3586,2,18,45
3587,1,15,132
3588,2,4,29
3589,2,38,65
3590,2,12,52
3591,1,7,64
3592,3,32,73
3593,3,3,20
3594,1,34,44
3595,1,8,79
3596,2,14,104
3597,1,20,88
3598,3,26,51
3599,2,11,61
3600,3,19,23
3601,3,20,38
3602,2,13,75
3603,1,21,42
3604,1,25,45
3605,2,38,59
3606,3,31,130
3607,3,18,9
3608,3,15,62
3609,1,35,202
3610,1,5,162
3611,1,6,93
3612,1,39,145
3613,1,25,99
3614,3,11,148
3615,2,10,154
3616,1,34,149
3617,3,15,69
3618,1,11,30
3619,2,8,48
3620,3,20,42
3621,1,29,132
3622,2,27,81
3623,2,29,60
3624,2,3,45
3625,3,28,70
3626,1,21,71
3627,3,-3,28
3628,1,1,83
3629,1,18,131
3630,1,26,82
3631,3,16,79
3632,3,21,51
3633,1,20,111
3634,1,25,93
3635,3,35,73
3636,2,33,24
3637,2,11,64
3638,1,14,104
3639,3,22,38
3640,1,26,191
3641,3,34,53
3642,3,35,74
3643,3,29,21
3644,3,32,80
3645,1,33,41
3646,3,17,79
3647,2,9,141
3648,2,14,32
3649,3,13,38
3650,2,29,85
3651,3,21,93
3652,3,23,140
3653,2,9,69
3654,2,27,32
3655,1,28,61
3656,1,22,125
3657,2,8,30
3658,2,26,104
3659,1,35,24
3660,2,7,22
3661,2,12,59
3662,2,4,120
3663,1,9,164
3664,1,2,60
3665,2,24,43
3666,1,19,70
3667,1,35,51
3668,1,3,59
3669,3,13,129
3670,2,15,22
3671,2,14,29
3672,3,25,18
3673,3,13,65
3674,1,9,65
3675,1,16,38
3676,1,34,110
3677,2,37,22
3678,1,33,43
3679,1,25,30
3680,1,23,134
3681,1,11,32
3682,1,9,139
3683,1,17,45
3684,2,27,62
3685,2,31,51
3686,3,27,93
3687,1,35,122
3688,1,10,45
3689,1,26,179
3690,1,12,64
3691,1,39,41
3692,3,13,58
3693,1,33,64
3694,2,27,28
3695,3,8,21
3696,2,35,60
3697,1,5,78
3698,3,13,59
3699,3,12,59
3700,2,22,83
3701,1,22,128
3702,1,33,95
3703,3,25,160
3704,3,41,78
3705,2,11,184
3706,1,4,30
3707,3,33,51
3708,3,18,35
3709,3,1,74
3710,2,11,43
3711,2,22,23
3712,1,1,20
3713,1,25,112
3714,2,20,74
3715,3,23,65
3716,1,5,124
3717,1,29,65
3718,3,37,73
3719,3,19,8
3720,1,8,53
3721,3,39,131
3722,1,6,13
3723,1,17,60
3724,2,27,45
3725,3,20,39
3726,2,6,78
3727,3,13,43
3728,1,30,31
3729,2,3,118
3730,1,17,82
3731,1,6,112
3732,2,8,10
3733,3,1,18
3734,2,32,72
3735,3,19,72
3736,1,14,78
3737,2,30,78
3738,3,19,30
3739,1,28,45
3740,1,14,80
3741,1,35,174
3742,3,29,51
3743,1,8,181
3744,2,14,78
3745,3,29,79
3746,1,3,119
3747,2,39,49
3748,2,0,83
3749,2,7,100
3750,1,19,70
3751,2,32,52
3752,1,2,12
3753,3,30,82
3754,2,4,34
3755,3,37,112
3756,3,25,42
3757,1,11,83
3758,2,21,142
3759,1,23,199
3760,2,4,29
3761,3,26,70
3762,3,24,25
3763,1,27,84
3764,1,36,81
3765,1,37,15
3766,3,0,54
3767,2,35,108
3768,1,16,83
3769,3,16,62
3770,1,4,134
3771,1,16,75
3772,2,7,109
3773,1,10,152
3774,3,36,83
3775,3,26,52
3776,3,6,31
3777,3,3,135
3778,1,37,98
3779,2,41,14
3780,1,27,64
3781,1,25,109
3782,1,40,118
3783,2,5,80
3784,3,34,51
3785,2,6,115
3786,1,28,83
3787,1,28,90
3788,1,12,28
3789,1,7,82
3790,1,27,24
3791,1,22,71
3792,1,17,80
3793,3,36,109
3794,1,28,140
3795,2,27,39
3796,2,25,39
3797,2,-2,50
3798,1,35,31
3799,3,25,35
3800,1,11,44
3801,3,38,35
3802,1,8,20
3803,2,7,10
3804,3,18,83
3805,1,22,203
3806,1,5,84
3807,1,8,41
3808,1,11,164
3809,1,10,152
3810,1,2,62
3811,1,24,12
3812,1,23,28
3813,1,13,52
3814,2,37,19
3815,1,9,35
3816,1,19,28
3817,2,30,70
3818,1,40,140
3819,3,0,102
3820,3,27,50
3821,1,7,61
3822,2,9,188
3823,3,33,178
3824,2,25,44
3825,1,-1,12
3826,1,6,69
3827,1,19,132
3828,1,14,128
3829,1,6,44
3830,3,39,44
3831,3,8,34
3832,1,12,132
3833,1,38,158
3834,1,9,83
3835,3,22,28
3836,3,9,131
3837,2,19,31
3838,2,19,40
3839,1,11,71
3840,3,5,42
3841,2,31,35
3842,1,4,81
3843,1,35,91
3844,2,7,129
3845,1,27,75
3846,2,1,54
3847,1,5,43
3848,2,18,94
3849,3,32,84
3850,2,18,34
3851,1,23,15
3852,3,21,99
3853,2,7,15
3854,3,21,83
3855,3,6,83
3856,1,18,143
3857,3,30,81
3858,2,39,39
3859,2,18,158
3860,3,24,62
3861,1,6,64
3862,2,40,29
3863,1,34,64
3864,2,10,21
3865,3,32,142
3866,1,30,64
3867,1,25,40
3868,2,19,61
3869,3,16,44
3870,2,16,78
3871,3,0,25
3872,1,16,125
3873,3,29,63
3874,3,30,54
3875,1,12,92
3876,1,2,119
3877,2,11,40
3878,1,4,41
3879,1,11,81
3880,1,4,101
3881,2,24,25
3882,2,20,55
3883,3,7,43
3884,2,16,98
3885,3,1,112
3886,3,2,69
3887,2,43,79
3888,1,-2,118
3889,2,18,81
3890,2,0,19
3891,3,17,139
3892,2,40,63
3893,1,33,102
3894,2,5,40
3895,1,6,44
3896,1,12,59
3897,1,24,224
3898,3,31,64
3899,1,20,129
3900,1,34,43
3901,1,27,12
3902,2,10,53
3903,3,21,39
3904,1,23,65
3905,3,5,18
3906,3,28,55
3907,3,35,60
3908,1,14,42
3909,2,0,44
3910,1,7,111
3911,1,8,62
3912,3,26,44
3913,3,14,69
3914,3,20,62
3915,2,3,35
3916,1,13,91
3917,1,26,12
3918,1,15,89
3919,2,34,65
3920,3,34,179
3921,3,8,82
3922,1,6,48
3923,2,4,20
3924,3,15,91
3925,1,37,122
3926,3,18,22
3927,1,23,43
3928,1,34,38
3929,1,33,61
3930,2,13,33
3931,1,27,145
3932,1,27,170
3933,2,2,55
3934,3,14,40
3935,1,11,68
3936,1,33,53
3937,3,18,63
3938,1,15,123
3939,1,24,13
3940,1,23,12
3941,1,17,53
3942,2,33,79
3943,2,17,89
3944,2,36,188
3945,3,26,62
3946,3,3,123
3947,2,-1,40
3948,3,8,119
3949,2,12,123
3950,2,5,23
3951,3,14,62
3952,1,14,69
3953,1,36,124
3954,3,26,52
3955,1,7,134
3956,2,36,58
3957,2,37,45
3958,2,15,75
3959,2,34,23
3960,1,19,123
3961,1,37,48
3962,1,22,145
3963,3,5,31
3964,3,32,38
3965,3,18,78
3966,1,15,94
3967,3,7,84
3968,3,15,22
3969,1,3,78
3970,2,11,75
3971,1,40,71
3972,3,11,24
3973,1,5,112
3974,2,35,53
3975,3,21,41
3976,2,23,25
3977,2,33,42
3978,2,27,51
3979,2,18,19
3980,1,14,90
3981,2,22,89
3982,1,39,22
3983,1,0,119
3984,3,13,93
3985,1,8,18
3986,3,40,32
3987,3,14,182
3988,3,36,19
3989,3,35,85
3990,2,25,90
3991,1,32,59
3992,1,38,84
3993,2,22,95
3994,3,6,13
3995,1,18,88
3996,3,28,34
3997,3,24,11
3998,2,38,80
3999,1,10,41
4000,3,21,90
4001,3,37,93
4002,2,35,81
4003,1,34,60
4004,2,21,39
4005,2,39,22
4006,1,32,32
4007,3,32,28
4008,2,7,35
4009,3,31,154
4010,1,18,189
4011,3,19,40
4012,2,21,88
4013,1,6,124
4014,3,38,23
4015,1,32,23
4016,1,-1,139
4017,1,28,173
4018,3,0,42
4019,1,35,161
4020,2,36,28
4021,3,32,191
4022,1,14,42
4023,3,5,81
4024,1,25,175
4025,1,15,82
4026,3,27,53
4027,1,1,142
4028,3,21,42
4029,1,20,64
4030,1,5,90
4031,2,32,44
4032,3,18,29
4033,1,35,93
4034,3,24,69
4035,2,11,82
4036,3,9,180
4037,3,21,13
4038,1,28,72
4039,1,30,54
4040,1,9,104
4041,2,32,44
4042,1,19,40
4043,1,3,190
4044,1,23,64
4045,2,11,9
4046,2,31,38
4047,3,0,72
4048,1,17,82
4049,3,2,48
4050,3,28,82
4051,2,26,14
4052,1,29,162
4053,1,19,54
4054,1,11,90
4055,1,34,64
4056,3,18,65
4057,1,25,113
4058,3,32,38
4059,3,15,65
4060,3,27,39
4061,1,6,174
4062,3,3,59
4063,1,14,43
4064,3,21,24
4065,2,39,50
4066,3,19,68
4067,3,37,61
4068,2,28,21
4069,2,34,21
4070,1,32,31
4071,1,33,70
4072,2,6,25
4073,3,17,78
4074,1,27,19
4075,3,35,23
4076,1,4,40
4077,3,23,22
4078,2,0,71
4079,2,12,58
4080,1,40,75
4081,2,0,40
4082,3,35,155
4083,2,6,83
4084,1,20,99
4085,2,36,59
4086,2,2,53
4087,1,26,11
4088,3,28,179
4089,3,-1,71
4090,3,4,85
4091,3,18,49
4092,1,6,122
4093,1,15,171
4094,2,24,138
4095,3,23,8
4096,1,17,59
4097,1,14,49
4098,1,34,92
4099,1,3,75
4100,2,35,60
4101,2,2,41
4102,2,21,40
4103,1,16,81
4104,3,20,52
4105,1,14,25
4106,1,15,139
4107,2,22,54
4108,1,22,81
4109,1,39,73
4110,3,0,30
4111,1,41,59
4112,1,17,21
4113,2,9,65
4114,2,2,41
4115,3,28,52
4116,2,20,84
4117,1,-2,135
4118,3,14,18
4119,1,16,34
4120,3,5,85
4121,3,23,23
4122,2,27,65
4123,1,30,195
4124,1,24,40
4125,3,29,141
4126,2,34,95
4127,2,33,23
4128,2,19,82
4129,3,21,53
4130,1,3,10
4131,2,30,75
4132,2,23,23
4133,1,36,133
4134,1,17,129
4135,2,11,85
4136,1,23,168
4137,3,19,83
4138,2,12,52
4139,1,22,114
4140,3,3,81
4141,2,38,32
4142,3,19,63
4143,3,32,70
4144,1,31,20
4145,1,23,138
4146,2,34,63
4147,3,28,85
4148,2,35,180
4149,3,22,80
4150,3,15,53
4151,2,20,72
4152,1,18,123
4153,3,18,91
4154,1,26,148
4155,3,25,163
4156,3,30,28
4157,1,12,193
4158,3,10,22
4159,1,34,74
4160,3,20,70
4161,2,4,11
4162,2,8,61
4163,1,37,41
4164,2,28,108
4165,3,10,23
4166,3,38,135
4167,3,40,30
4168,2,24,144
4169,1,34,139
4170,3,17,143
4171,1,7,44
4172,2,31,49
4173,2,42,75
4174,1,9,43
4175,3,14,59
4176,1,17,154
4177,3,18,75
4178,2,23,75
4179,1,35,88
4180,3,3,91
4181,3,6,11
4182,3,22,22
4183,3,29,49
4184,1,17,140
4185,2,25,99
4186,1,2,82
4187,1,9,10
4188,2,5,109
4189,3,4,45
4190,2,19,93
4191,2,16,89
4192,2,15,39
4193,1,26,21
4194,1,37,31
4195,3,37,31
4196,2,19,52
4197,3,25,13
4198,3,25,21
4199,1,36,50
4200,3,19,81
4201,1,19,74
4202,1,36,89
4203,2,9,82
4204,2,33,88
4205,3,16,61
4206,1,36,139
4207,2,23,29
4208,1,11,51
4209,3,32,58
4210,3,9,21
4211,2,8,43
4212,2,16,104
4213,2,23,9
4214,2,25,39
4215,1,22,89
4216,3,40,21
4217,3,35,173
4218,3,21,29
4219,2,27,43
4220,2,34,30
4221,3,30,39
4222,3,22,83
4223,2,25,58
4224,2,26,8
4225,3,27,39
4226,1,18,204
4227,1,13,45
4228,1,7,111
4229,2,10,83
4230,3,24,83
4231,1,36,115
4232,3,32,60
4233,1,15,53
4234,1,7,134
4235,3,24,91
4236,1,1,91
4237,1,12,128
4238,1,34,78
4239,1,19,161
4240,3,36,60
4241,1,14,161
4242,2,9,40
4243,2,21,68
4244,1,22,74
4245,2,26,55
4246,1,20,145
4247,2,35,24
4248,2,39,10
4249,1,33,138
4250,3,12,63
4251,3,28,54
4252,3,16,62
4253,3,29,81
4254,2,28,61
4255,3,27,68
4256,1,35,78
4257,1,17,165
4258,2,17,48
4259,2,26,155
4260,3,26,158
4261,1,31,52
4262,1,28,18
4263,1,33,42
4264,3,33,18
4265,1,31,40
4266,2,2,44
4267,1,16,11
4268,2,26,194
4269,2,23,108
4270,2,23,12
4271,1,19,19
4272,1,1,150
4273,3,22,89
4274,3,19,83
4275,2,3,79
4276,2,38,102
4277,1,24,155
4278,1,16,138
4279,1,31,51
4280,2,15,80
4281,1,18,135
4282,2,1,34
4283,3,0,195
4284,3,32,62
4285,1,13,173
4286,1,-3,149
4287,1,29,20
4288,1,28,42
4289,3,17,28
4290,2,28,95
4291,3,42,95
4292,1,21,34
4293,3,37,191
4294,1,38,41
4295,1,34,150
4296,3,41,91
4297,2,9,84
4298,1,9,73
4299,1,19,122
4300,2,5,73
4301,3,37,20
4302,1,24,130
4303,3,27,85
4304,1,21,134
4305,2,39,98
4306,3,1,54
4307,1,11,41
4308,3,19,128
4309,1,20,132
4310,3,8,188
4311,2,41,170
4312,3,8,14
4313,3,15,93
4314,2,28,79
4315,2,9,79
4316,3,26,62
4317,1,6,95
4318,3,33,60
4319,2,23,75
4320,2,38,85
4321,1,15,143
4322,2,0,34
4323,1,14,44
4324,2,28,31
4325,1,24,13
4326,1,35,52
4327,3,8,42
4328,3,4,102
4329,3,38,143
4330,3,33,10
4331,3,37,44
4332,1,37,158
4333,2,26,12
4334,1,26,59
4335,2,29,92
4336,1,10,82
4337,2,19,44
4338,2,2,182
4339,1,30,121
4340,1,11,38
4341,1,10,92
4342,3,3,53
4343,1,7,45
4344,2,14,63
4345,1,28,181
4346,3,1,184
4347,1,21,33
4348,1,33,22
4349,1,33,99
4350,2,18,44
4351,2,39,101
4352,2,3,32
4353,1,16,59
4354,2,36,25
4355,1,16,140
4356,3,10,29
4357,1,19,35
4358,1,14,141
4359,3,11,75
4360,1,12,58
4361,1,43,41
4362,2,30,42
4363,2,2,55
4364,2,4,18
4365,3,35,75
4366,1,2,85
4367,2,28,43
4368,1,15,149
4369,2,7,25
4370,2,25,19
4371,3,3,18
4372,2,39,13
4373,2,10,41
4374,1,6,139
4375,1,15,62
4376,1,10,51
4377,1,15,71
4378,3,8,145
4379,2,12,45
4380,3,17,53
4381,3,13,64
4382,1,8,39
4383,3,34,38
4384,1,4,85
4385,2,20,61
4386,3,32,23
4387,1,27,122
4388,3,12,72
4389,1,21,123
4390,1,32,40
4391,2,26,62
4392,1,22,113
4393,2,27,81
4394,1,0,59
4395,2,31,25
4396,2,41,25
4397,3,5,14
4398,1,23,19
4399,3,37,61
4400,1,23,21
4401,1,10,44
4402,1,35,42
4403,3,25,52
4404,1,24,112
4405,3,5,34
4406,3,35,83
4407,2,25,24
4408,2,13,71
4409,2,40,181
4410,3,19,75
4411,1,14,153
4412,2,-2,75
4413,2,10,19
4414,2,2,31
4415,1,8,178
4416,1,35,65
4417,1,25,8
4418,1,28,92
4419,1,34,145
4420,3,17,85
4421,1,38,149
4422,2,38,9
4423,3,31,164
4424,2,36,40
4425,3,10,54
4426,3,0,164
4427,1,8,140
4428,3,7,18
4429,1,27,12
4430,1,29,140
4431,3,12,24
4432,1,12,60
4433,3,27,50
4434,2,38,44
4435,2,9,51
4436,1,21,34
4437,2,35,33
4438,1,38,63
4439,3,18,22
4440,3,7,104
4441,3,19,75
4442,3,36,75
4443,3,23,62
4444,1,14,48
4445,1,10,73
4446,1,25,135
4447,3,35,61
4448,2,22,78
4449,3,34,40
4450,3,6,44
4451,1,20,45
4452,1,41,18
4453,3,35,53
4454,2,11,11
4455,2,24,38
4456,2,31,28
4457,1,3,35
4458,2,29,81
4459,3,22,90
4460,1,8,115
4461,2,22,78
4462,3,21,30
4463,1,7,39
4464,1,13,69
4465,1,35,29
4466,2,15,54
4467,1,10,60
4468,3,30,99
4469,1,42,51
4470,3,14,53
4471,2,20,111
4472,1,30,79
4473,2,25,90
4474,1,5,18
4475,1,41,73
4476,3,18,59
4477,1,32,40
4478,2,9,41
4479,3,9,53
4480,1,8,128
4481,3,30,145
4482,3,-2,35
4483,3,14,28
4484,1,28,155
4485,1,11,195
4486,2,9,50
4487,3,19,48
4488,2,14,81
4489,1,4,50
4490,2,13,21
4491,1,9,142
4492,1,16,64
4493,3,26,91
4494,2,28,74
4495,3,4,182
4496,1,14,82
4497,1,25,45
4498,1,21,85
4499,1,26,133
4500,2,26,22
4501,2,26,24
4502,3,33,38
4503,3,32,80
4504,1,21,33
4505,3,1,41
4506,2,15,90
4507,3,13,89
4508,3,1,8
4509,1,2,85
4510,1,30,53
4511,3,39,20
4512,1,17,9
4513,1,22,25
4514,1,19,114
4515,3,-3,41
4516,3,3,49
4517,3,32,12
4518,2,18,50
4519,2,28,30
4520,1,21,32
4521,2,7,41
4522,2,31,25
4523,1,5,29
4524,2,4,50
4525,1,24,79
4526,1,11,110
4527,2,9,40
4528,3,16,18
4529,1,23,48
4530,3,0,40
4531,2,9,19
4532,1,7,35
4533,2,22,133
4534,2,34,19
4535,1,17,83
4536,3,18,39
4537,2,37,38
4538,3,36,63
4539,2,24,85
4540,1,24,14
4541,1,32,64
4542,1,38,124
4543,1,29,20
4544,3,38,33
4545,1,4,80
4546,3,35,35
4547,1,24,74
4548,2,25,32
4549,1,33,73
4550,1,29,41
4551,2,40,18
4552,2,0,28
4553,2,23,64
4554,2,25,44
4555,1,16,109
4556,3,19,71
4557,1,29,79
4558,2,9,30
4559,1,19,82
4560,2,20,101
4561,2,18,13
4562,3,33,59
4563,1,40,64
4564,1,2,188
4565,1,32,28
4566,3,8,120
4567,1,0,131
4568,2,20,19
4569,3,0,44
4570,2,21,49
4571,3,6,99
4572,3,28,95
4573,3,7,81
4574,3,20,73
4575,1,11,193
4576,3,27,115
4577,3,30,41
4578,3,37,80
4579,2,20,90
4580,1,32,41
4581,1,24,102
4582,3,13,59
4583,3,-1,69
4584,1,26,83
4585,2,0,49
4586,3,11,180
4587,3,32,61
4588,3,11,59
4589,3,10,85
4590,3,7,13
4591,2,34,151
4592,2,16,44
4593,3,18,53
4594,2,30,133
4595,3,27,31
4596,2,7,101
4597,1,13,61
4598,2,10,68
4599,1,26,21
4600,1,25,149
4601,3,24,75
4602,3,12,55
4603,1,32,81
4604,1,12,179
4605,2,7,81
4606,2,22,42
4607,1,20,199
4608,2,23,18
4609,3,19,28
4610,3,28,80
4611,2,13,79
4612,2,7,52
4613,2,6,18
4614,1,38,52
4615,3,30,15
4616,3,12,84
4617,3,41,114
4618,3,13,41
4619,1,9,29
4620,1,36,23
4621,1,26,84
4622,1,32,60
4623,2,20,13
4624,3,25,45
4625,1,11,83
4626,2,21,102
4627,3,34,58
4628,2,1,134
4629,2,1,130
4630,1,24,148
4631,2,21,92
4632,2,8,142
4633,1,29,62
4634,1,5,50
4635,3,17,29
4636,1,5,85
4637,1,16,78
4638,3,19,85
4639,2,13,89
4640,3,25,33
4641,3,6,42
4642,1,11,31
4643,2,40,143
4644,1,7,35
4645,2,34,22
4646,1,10,45
4647,1,13,119
4648,1,35,43
4649,2,11,75
4650,1,35,121
4651,3,23,63
4652,1,24,58
4653,1,12,184
4654,1,10,155
4655,2,17,69
4656,2,7,188
4657,2,21,38
4658,2,16,9
4659,3,11,69
4660,1,4,199
4661,1,35,38
4662,1,19,129
4663,2,31,59
4664,1,3,115
4665,2,37,83
4666,1,16,65
4667,1,9,72
4668,3,28,72
4669,3,14,63
4670,2,1,64
4671,1,26,194
4672,3,14,104
4673,1,26,180
4674,2,23,18
4675,3,14,93
4676,1,11,32
4677,1,13,68
4678,3,0,38
4679,2,7,115
4680,1,0,161
4681,1,21,154
4682,1,3,68
4683,3,25,44
4684,1,28,149
4685,1,34,103
4686,2,39,41
4687,1,35,113
4688,2,34,48
4689,2,3,69
4690,2,27,43
4691,3,34,19
4692,3,17,65
4693,2,35,32
4694,1,28,20
4695,3,13,25
4696,1,19,70
4697,3,35,70
4698,2,22,103
4699,1,22,162
4700,1,36,61
4701,1,7,170
4702,1,16,49
4703,3,5,108
4704,3,27,62
4705,2,28,102
4706,1,37,141
4707,1,36,8
4708,1,35,91
4709,1,37,10
4710,2,1,35
4711,3,17,71
4712,1,40,59
4713,3,0,14
4714,1,1,122
4715,1,3,81
4716,3,39,35
4717,1,34,83
4718,1,5,121
4719,1,6,35
4720,3,8,140
4721,3,15,88
4722,1,26,70
4723,3,16,63
4724,1,15,125
4725,1,8,21
4726,1,8,75
4727,1,10,38
4728,1,17,58
4729,2,35,31
4730,3,14,18
4731,2,27,29
4732,3,11,29
4733,1,13,69
4734,1,23,121
4735,3,39,64
4736,2,9,84
4737,2,25,65
4738,2,36,85
4739,1,32,44
4740,1,38,174
4741,1,30,178
4742,1,32,55
4743,2,33,25
4744,1,26,21
4745,3,20,72
4746,1,23,129
4747,3,7,18
4748,2,25,91
4749,3,18,38
4750,1,5,21
4751,3,41,38
4752,1,17,154
4753,1,14,178
4754,2,21,85
4755,1,33,93
4756,1,35,151
4757,2,4,78
4758,1,2,135
4759,1,21,40
4760,2,41,80
4761,1,25,18
4762,2,35,74
4763,3,7,94
4764,2,25,173
4765,2,32,88
4766,1,34,82
4767,1,15,54
4768,1,9,45
4769,2,14,39
4770,1,2,20
4771,3,5,93
4772,3,11,85
4773,1,2,95
4774,2,28,48
4775,3,32,22
4776,3,14,33
4777,3,23,40
4778,2,8,30
4779,1,27,22
4780,3,14,20
4781,2,20,49
4782,2,9,25
4783,1,0,150
4784,1,19,32
4785,1,28,9
4786,3,5,23
4787,1,12,18
4788,2,22,42
4789,1,10,39
4790,2,34,84
4791,3,11,101
4792,1,35,43
4793,1,10,28
4794,1,21,59
4795,3,30,29
4796,1,21,39
4797,3,0,42
4798,1,11,24
4799,3,20,62
4800,1,20,33
4801,1,7,73
4802,1,10,88
4803,1,11,58
4804,3,24,48
4805,2,32,40
4806,1,6,160
4807,1,37,39
4808,1,14,53
4809,2,16,32
4810,2,19,32
4811,1,34,11
4812,3,12,123
4813,3,4,184
4814,2,23,60
4815,3,34,41
4816,1,32,99
4817,2,24,83
4818,1,22,134
4819,2,19,85
4820,1,6,41
4821,3,17,44
4822,1,6,62
4823,1,36,149
4824,3,21,115
4825,1,6,25
4826,1,32,84
4827,3,31,81
4828,1,6,181
4829,3,28,62
4830,3,7,11
4831,3,12,60
4832,3,6,42
4833,2,4,83
4834,1,24,109
4835,1,23,70
4836,1,39,25
4837,3,24,72
4838,1,10,183
4839,1,30,44
4840,1,8,52
4841,2,9,18
4842,1,35,40
4843,2,23,174
4844,2,34,41
4845,1,6,81
4846,1,21,128
4847,2,10,135
4848,2,11,65
4849,1,32,145
4850,3,25,65
4851,1,39,119
4852,1,31,124
4853,3,12,33
4854,1,19,41
4855,1,20,105
4856,1,32,130
4857,3,31,80
4858,2,13,115
4859,3,24,62
4860,3,8,165
4861,2,25,34
4862,3,24,18
4863,1,7,44
4864,2,35,25
4865,3,16,52
4866,2,24,133
4867,1,17,71
4868,3,12,61
4869,3,27,62
4870,3,39,33
4871,2,30,28
4872,1,22,53
4873,2,3,69
4874,1,35,165
4875,3,0,75
4876,1,36,54
4877,3,19,142
4878,3,29,53
4879,1,9,41
4880,1,15,43
4881,1,32,79
4882,3,32,24
4883,1,19,73
4884,3,13,129
4885,3,34,50
4886,1,30,28
4887,3,26,64
4888,3,15,49
4889,1,1,121
4890,3,28,58
4891,3,35,51
4892,1,31,61
4893,3,19,35
4894,3,12,39
4895,3,22,74
4896,1,20,201
4897,1,15,81
4898,1,18,44
4899,3,26,19
4900,3,29,85
4901,1,1,74
4902,2,0,54
4903,1,8,58
4904,2,15,18
4905,1,40,88
4906,1,37,19
4907,3,28,49
4908,2,9,101
4909,1,16,138
4910,2,16,25
4911,1,22,120
4912,1,22,153
4913,2,26,28
4914,3,4,110
4915,1,39,94
4916,2,24,48
4917,1,5,123
4918,2,10,33
4919,2,25,42
4920,1,16,68
4921,3,16,28
4922,3,11,42
4923,1,5,28
4924,1,15,73
4925,1,12,89
4926,2,39,82
4927,2,13,83
4928,2,19,121
4929,3,33,28
4930,1,36,39
4931,2,38,110
4932,3,27,55
4933,1,35,111
4934,1,23,94
4935,3,0,85
4936,1,33,81
4937,3,20,94
4938,1,8,162
4939,3,35,80
4940,2,29,70
4941,1,22,19
4942,2,4,112
4943,1,26,109
4944,2,0,12
4945,2,24,33
4946,1,18,49
4947,2,26,42
4948,1,13,41
4949,1,20,43
4950,1,5,64
4951,1,23,19
4952,3,27,65
4953,3,3,53
4954,1,21,32
4955,1,19,22
4956,3,37,39
4957,3,13,59
4958,3,-1,50
4959,3,26,19
4960,2,27,55
4961,3,28,81
4962,3,14,108
4963,3,20,122
4964,3,6,98
4965,1,27,110
4966,2,5,33
4967,1,17,34
4968,2,16,69
4969,1,32,41
4970,3,19,60
4971,2,13,95
4972,3,28,73
4973,3,32,41
4974,3,1,68
4975,2,33,64
4976,2,11,29
4977,2,5,31
4978,3,15,54
4979,3,27,63
4980,2,26,92
4981,1,5,135
4982,1,9,195
4983,1,10,45
4984,1,26,72
4985,3,1,98
4986,2,23,30
4987,3,6,78
4988,2,23,43
4989,1,8,85
4990,3,0,38
4991,3,25,58
4992,2,25,92
4993,3,5,13
4994,1,21,218
4995,3,40,75
4996,3,3,40
4997,1,4,15
4998,3,39,24
4999,2,40,49
5000,1,4,83
